workload,policy,capacity,eval_capacity,train_faults,held_out_faults
btreebench,fifo,270,359,50684,41772
btreebench,clock,270,359,45371,36573
btreebench,aging,270,359,50463,41638
btreebench,lru,270,359,45081,36556
btreebench,lfu,270,359,47289,39399
btreebench,stackdist,270,359,45362,36685
btreebench,belady,270,359,23069,17816
kvbench,fifo,82,109,9975,8599
kvbench,clock,82,109,8580,7370
kvbench,aging,82,109,9756,8457
kvbench,lru,82,109,8411,7252
kvbench,lfu,82,109,8906,7704
kvbench,stackdist,82,109,24278,21111
kvbench,belady,82,109,4763,3904
sortbench,fifo,16,20,1268,1268
sortbench,clock,16,20,1269,1270
sortbench,aging,16,20,1267,1267
sortbench,lru,16,20,1267,1267
sortbench,lfu,16,20,1138394,1047108
sortbench,stackdist,16,20,941141,825610
sortbench,belady,16,20,1047,983
graphbench,fifo,204,271,143341,134851
graphbench,clock,204,271,143231,134760
graphbench,aging,204,271,143345,134855
graphbench,lru,204,271,143274,134895
graphbench,lfu,204,271,147587,140133
graphbench,stackdist,204,271,142918,134396
graphbench,belady,204,271,87042,75779
lzwbench,fifo,28,30,58210,54359
lzwbench,clock,28,30,54202,49731
lzwbench,aging,28,30,58155,54148
lzwbench,lru,28,30,57596,53760
lzwbench,lfu,28,30,42610,37705
lzwbench,stackdist,28,30,44960,40933
lzwbench,belady,28,30,25496,22507
matmulbench-naive,fifo,8,12,104109,114
matmulbench-naive,clock,8,12,66532,55
matmulbench-naive,aging,8,12,92740,85
matmulbench-naive,lru,8,12,92739,27
matmulbench-naive,lfu,8,12,803889,393969
matmulbench-naive,stackdist,8,12,407534,77
matmulbench-naive,belady,8,12,31370,27
matmulbench-blocked,fifo,8,12,2025,975
matmulbench-blocked,clock,8,12,1226,298
matmulbench-blocked,aging,8,12,1323,709
matmulbench-blocked,lru,8,12,1323,720
matmulbench-blocked,lfu,8,12,907385,484475
matmulbench-blocked,stackdist,8,12,714387,21588
matmulbench-blocked,belady,8,12,725,121
