workload,experiment,model,capacity,eval_capacity,train_refs,train_faults,held_out_faults
btreebench,classical,fifo,270,359,223649,50684,41772
btreebench,classical,clock,270,359,223649,45371,36573
btreebench,classical,aging,270,359,223649,50463,41638
btreebench,classical,lru,270,359,223649,45081,36556
btreebench,classical,belady,270,359,223649,23069,17816
btreebench,arch,linear8,270,359,223649,75306,63376
btreebench,arch,mlp,270,359,223649,109802,86895
btreebench,arch,rnn,270,359,223649,78839,67060
btreebench,arch,lstm,270,359,223649,64433,50680
btreebench,arch,gru,270,359,223649,71940,58092
btreebench,arch,cnn,270,359,223649,66358,55017
btreebench,arch,attention,270,359,223649,83183,72451
btreebench,feature,recency_only/linear,270,359,223649,45081,36556
btreebench,feature,recency_only/mlp,270,359,223649,103960,82799
btreebench,feature,stack_distance/linear,270,359,223649,45362,36685
btreebench,feature,stack_distance/mlp,270,359,223649,46652,39246
btreebench,feature,global_frequency/linear,270,359,223649,149506,136962
btreebench,feature,global_frequency/mlp,270,359,223649,60329,49712
btreebench,feature,vpn_identity/linear,270,359,223649,85645,76283
btreebench,feature,vpn_identity/mlp,270,359,223649,85645,76283
btreebench,feature,position/linear,270,359,223649,125229,109318
btreebench,feature,position/mlp,270,359,223649,101501,80766
btreebench,feature,all_combined/linear,270,359,223649,43876,36273
btreebench,feature,all_combined/mlp,270,359,223649,66039,54032
kvbench,classical,fifo,82,109,160256,9975,8599
kvbench,classical,clock,82,109,160256,8580,7370
kvbench,classical,aging,82,109,160256,9756,8457
kvbench,classical,lru,82,109,160256,8411,7252
kvbench,classical,belady,82,109,160256,4763,3904
kvbench,arch,linear8,82,109,160256,36414,30506
kvbench,arch,mlp,82,109,160256,19170,16546
kvbench,arch,rnn,82,109,160256,17760,16397
kvbench,arch,lstm,82,109,160256,19082,18092
kvbench,arch,gru,82,109,160256,18764,17751
kvbench,arch,cnn,82,109,160256,32129,26621
kvbench,arch,attention,82,109,160256,19001,18065
kvbench,feature,recency_only/linear,82,109,160256,41460,38334
kvbench,feature,recency_only/mlp,82,109,160256,41397,38139
kvbench,feature,stack_distance/linear,82,109,160256,41059,38565
kvbench,feature,stack_distance/mlp,82,109,160256,40716,38130
kvbench,feature,global_frequency/linear,82,109,160256,47256,46529
kvbench,feature,global_frequency/mlp,82,109,160256,30104,26578
kvbench,feature,vpn_identity/linear,82,109,160256,42419,40119
kvbench,feature,vpn_identity/mlp,82,109,160256,42419,40119
kvbench,feature,position/linear,82,109,160256,41401,38991
kvbench,feature,position/mlp,82,109,160256,20307,19791
kvbench,feature,all_combined/linear,82,109,160256,8412,7243
kvbench,feature,all_combined/mlp,82,109,160256,42771,40684
sortbench,classical,fifo,16,20,1854621,1268,1268
sortbench,classical,clock,16,20,1854621,1269,1270
sortbench,classical,aging,16,20,1854621,1267,1267
sortbench,classical,lru,16,20,1854621,1267,1267
sortbench,classical,belady,16,20,1854621,1047,983
sortbench,arch,linear8,16,20,1854621,990192,881790
sortbench,arch,mlp,16,20,1854621,1743,1599
sortbench,arch,rnn,16,20,1854621,1761,1622
sortbench,arch,lstm,16,20,1854621,1747,1631
sortbench,arch,gru,16,20,1854621,1742,1626
sortbench,arch,cnn,16,20,1854621,485348,441760
sortbench,arch,attention,16,20,1854621,1758,1616
sortbench,feature,recency_only/linear,16,20,1854621,1267,1267
sortbench,feature,recency_only/mlp,16,20,1854621,1267,1267
sortbench,feature,stack_distance/linear,16,20,1854621,941141,825610
sortbench,feature,stack_distance/mlp,16,20,1854621,1004551,885050
sortbench,feature,global_frequency/linear,16,20,1854621,179886,129468
sortbench,feature,global_frequency/mlp,16,20,1854621,181486,130812
sortbench,feature,vpn_identity/linear,16,20,1854621,1045221,915339
sortbench,feature,vpn_identity/mlp,16,20,1854621,1045221,915339
sortbench,feature,position/linear,16,20,1854621,992145,868429
sortbench,feature,position/mlp,16,20,1854621,992145,868429
sortbench,feature,all_combined/linear,16,20,1854621,1482,1283
sortbench,feature,all_combined/mlp,16,20,1854621,1142,1073
graphbench,classical,fifo,204,271,2703968,143341,134851
graphbench,classical,clock,204,271,2703968,143231,134760
graphbench,classical,aging,204,271,2703968,143345,134855
graphbench,classical,lru,204,271,2703968,143274,134895
graphbench,classical,belady,204,271,2703968,87042,75779
graphbench,arch,linear8,204,271,2703968,143107,134624
graphbench,arch,mlp,204,271,2703968,143308,134878
graphbench,arch,rnn,204,271,2703968,143306,134555
graphbench,arch,lstm,204,271,2703968,143308,134877
graphbench,arch,gru,204,271,2703968,143321,134878
graphbench,arch,cnn,204,271,2703968,143126,134685
graphbench,arch,attention,204,271,2703968,143107,134624
graphbench,feature,recency_only/linear,204,271,2703968,143061,134545
graphbench,feature,recency_only/mlp,204,271,2703968,143061,134545
graphbench,feature,stack_distance/linear,204,271,2703968,142904,134486
graphbench,feature,stack_distance/mlp,204,271,2703968,142904,134486
graphbench,feature,global_frequency/linear,204,271,2703968,138343,128996
graphbench,feature,global_frequency/mlp,204,271,2703968,147587,140103
graphbench,feature,vpn_identity/linear,204,271,2703968,142855,134406
graphbench,feature,vpn_identity/mlp,204,271,2703968,142855,134406
graphbench,feature,position/linear,204,271,2703968,142879,134465
graphbench,feature,position/mlp,204,271,2703968,142879,134715
graphbench,feature,all_combined/linear,204,271,2703968,147421,139864
graphbench,feature,all_combined/mlp,204,271,2703968,141232,131779
lzwbench,classical,fifo,28,30,12295734,58210,54359
lzwbench,classical,clock,28,30,12295734,54202,49731
lzwbench,classical,aging,28,30,12295734,58155,54148
lzwbench,classical,lru,28,30,12295734,57596,53760
lzwbench,classical,belady,28,30,12295734,25496,22507
lzwbench,arch,linear8,28,30,12295734,57606,53628
lzwbench,arch,mlp,28,30,12295734,57932,53890
lzwbench,arch,rnn,28,30,12295734,58047,54019
lzwbench,arch,lstm,28,30,12295734,57972,41497
lzwbench,arch,gru,28,30,12295734,57971,54117
lzwbench,arch,cnn,28,30,12295734,57086,40932
lzwbench,arch,attention,28,30,12295734,57957,54282
lzwbench,feature,recency_only/linear,28,30,12295734,45345,41032
lzwbench,feature,recency_only/mlp,28,30,12295734,48013,43794
lzwbench,feature,stack_distance/linear,28,30,12295734,44960,40933
lzwbench,feature,stack_distance/mlp,28,30,12295734,44960,40743
lzwbench,feature,global_frequency/linear,28,30,12295734,49702,45253
lzwbench,feature,global_frequency/mlp,28,30,12295734,48998,44519
lzwbench,feature,vpn_identity/linear,28,30,12295734,45709,41089
lzwbench,feature,vpn_identity/mlp,28,30,12295734,45769,41555
lzwbench,feature,position/linear,28,30,12295734,45415,41272
lzwbench,feature,position/mlp,28,30,12295734,45415,42727
lzwbench,feature,all_combined/linear,28,30,12295734,54273,50318
lzwbench,feature,all_combined/mlp,28,30,12295734,50757,46764
matmulbench-naive,classical,fifo,8,12,1778688,104109,114
matmulbench-naive,classical,clock,8,12,1778688,66532,55
matmulbench-naive,classical,aging,8,12,1778688,92740,85
matmulbench-naive,classical,lru,8,12,1778688,92739,27
matmulbench-naive,classical,belady,8,12,1778688,31370,27
matmulbench-naive,arch,linear8,8,12,1778688,101661,67
matmulbench-naive,arch,mlp,8,12,1778688,97197,50
matmulbench-naive,arch,rnn,8,12,1778688,101661,67
matmulbench-naive,arch,lstm,8,12,1778688,116194,80683
matmulbench-naive,arch,gru,8,12,1778688,103680,52
matmulbench-naive,arch,cnn,8,12,1778688,111082,50
matmulbench-naive,arch,attention,8,12,1778688,110340,50
matmulbench-naive,feature,recency_only/linear,8,12,1778688,92739,27
matmulbench-naive,feature,recency_only/mlp,8,12,1778688,92739,27
matmulbench-naive,feature,stack_distance/linear,8,12,1778688,407534,77
matmulbench-naive,feature,stack_distance/mlp,8,12,1778688,910658,703472
matmulbench-naive,feature,global_frequency/linear,8,12,1778688,861452,175112
matmulbench-naive,feature,global_frequency/mlp,8,12,1778688,812555,82728
matmulbench-naive,feature,vpn_identity/linear,8,12,1778688,445639,36109
matmulbench-naive,feature,vpn_identity/mlp,8,12,1778688,445639,36109
matmulbench-naive,feature,position/linear,8,12,1778688,682089,558729
matmulbench-naive,feature,position/mlp,8,12,1778688,682089,558729
matmulbench-naive,feature,all_combined/linear,8,12,1778688,137989,31
matmulbench-naive,feature,all_combined/mlp,8,12,1778688,129310,27
matmulbench-blocked,classical,fifo,8,12,1999872,2025,975
matmulbench-blocked,classical,clock,8,12,1999872,1226,298
matmulbench-blocked,classical,aging,8,12,1999872,1323,709
matmulbench-blocked,classical,lru,8,12,1999872,1323,720
matmulbench-blocked,classical,belady,8,12,1999872,725,121
matmulbench-blocked,arch,linear8,8,12,1999872,596924,127100
matmulbench-blocked,arch,mlp,8,12,1999872,6296,4213
matmulbench-blocked,arch,rnn,8,12,1999872,14164,4233
matmulbench-blocked,arch,lstm,8,12,1999872,5000,3572
matmulbench-blocked,arch,gru,8,12,1999872,37194,21652
matmulbench-blocked,arch,cnn,8,12,1999872,743559,145685
matmulbench-blocked,arch,attention,8,12,1999872,7153,3778
matmulbench-blocked,feature,recency_only/linear,8,12,1999872,1323,720
matmulbench-blocked,feature,recency_only/mlp,8,12,1999872,1880360,1520652
matmulbench-blocked,feature,stack_distance/linear,8,12,1999872,714387,21588
matmulbench-blocked,feature,stack_distance/mlp,8,12,1999872,1177295,408272
matmulbench-blocked,feature,global_frequency/linear,8,12,1999872,385289,156535
matmulbench-blocked,feature,global_frequency/mlp,8,12,1999872,292330,85888
matmulbench-blocked,feature,vpn_identity/linear,8,12,1999872,570070,107742
matmulbench-blocked,feature,vpn_identity/mlp,8,12,1999872,570070,107742
matmulbench-blocked,feature,position/linear,8,12,1999872,1744263,1367609
matmulbench-blocked,feature,position/mlp,8,12,1999872,1744263,1367609
matmulbench-blocked,feature,all_combined/linear,8,12,1999872,59828,14967
matmulbench-blocked,feature,all_combined/mlp,8,12,1999872,224896,28882
