split,workload,stem,fraction,frames,sample_p,rows
train,btree,btree-insert-s1,0.05,204,0.019764,40544
train,btree,btree-insert-s1,0.1,408,0.026626,40800
train,btree,btree-insert-s1,0.2,816,0.041963,41888
train,btree,btree-insert-s2,0.05,205,0.019955,40256
train,btree,btree-insert-s2,0.1,410,0.026811,40640
train,btree,btree-insert-s2,0.2,821,0.042210,38400
train,btree,btree-insert-s3,0.05,207,0.019900,40640
train,btree,btree-insert-s3,0.1,413,0.026846,39520
train,btree,btree-insert-s3,0.2,827,0.042217,40096
train,btree,btree-lookup-s1,0.05,110,0.011211,40320
train,btree,btree-lookup-s1,0.1,221,0.014227,40192
train,btree,btree-lookup-s1,0.2,442,0.020505,40544
train,btree,btree-lookup-s2,0.05,109,0.011351,40224
train,btree,btree-lookup-s2,0.1,219,0.014340,41184
train,btree,btree-lookup-s2,0.2,437,0.020678,40128
train,btree,btree-lookup-s3,0.05,109,0.011364,42432
train,btree,btree-lookup-s3,0.1,218,0.014343,40032
train,btree,btree-lookup-s3,0.2,437,0.020714,39040
train,btree,btree-mixed-s1,0.05,89,0.016496,39424
train,btree,btree-mixed-s1,0.1,177,0.021772,39488
train,btree,btree-mixed-s1,0.2,355,0.034238,41248
train,btree,btree-mixed-s2,0.05,87,0.016350,42208
train,btree,btree-mixed-s2,0.1,175,0.021704,39776
train,btree,btree-mixed-s2,0.2,350,0.033638,38464
train,btree,btree-mixed-s3,0.05,88,0.016462,40576
train,btree,btree-mixed-s3,0.1,177,0.021849,39520
train,btree,btree-mixed-s3,0.2,354,0.033941,38304
train,btree,btree-mixedwal-s1,0.05,89,0.016428,40192
train,btree,btree-mixedwal-s1,0.1,177,0.021705,39744
train,btree,btree-mixedwal-s1,0.2,355,0.034155,41984
train,btree,btree-mixedwal-s2,0.05,87,0.016296,40416
train,btree,btree-mixedwal-s2,0.1,175,0.021647,39424
train,btree,btree-mixedwal-s2,0.2,350,0.033553,41152
train,btree,btree-mixedwal-s3,0.05,88,0.016398,39680
train,btree,btree-mixedwal-s3,0.1,177,0.021780,40192
train,btree,btree-mixedwal-s3,0.2,354,0.033871,39840
train,graph,graph-both1000x3-s1,0.05,50,0.000955,39360
train,graph,graph-both1000x3-s1,0.1,100,0.007892,39104
train,graph,graph-both1000x3-s1,0.2,200,0.017346,41440
train,graph,graph-both2000x1-s1,0.05,100,0.000887,40288
train,graph,graph-both2000x1-s1,0.1,200,0.004149,39136
train,graph,graph-both2000x1-s1,0.2,399,0.008879,40352
train,graph,graph-both2000x1-s2,0.05,100,0.000887,39872
train,graph,graph-both2000x1-s2,0.1,200,0.004147,39936
train,graph,graph-both2000x1-s2,0.2,399,0.008899,41184
train,graph,graph-both2000x1-s3,0.05,100,0.000886,40512
train,graph,graph-both2000x1-s3,0.1,200,0.004139,40768
train,graph,graph-both2000x1-s3,0.2,399,0.008879,38688
train,graph,graph-pr2000x2-s1,0.05,83,0.000886,40704
train,graph,graph-pr2000x2-s1,0.1,167,0.023930,40416
train,graph,graph-pr2000x2-s1,0.2,333,0.418200,38336
train,kv,kv-A-s1,0.05,26,0.112296,39494
train,kv,kv-A-s1,0.1,53,0.122621,39584
train,kv,kv-A-s1,0.2,106,0.171939,39904
train,kv,kv-A-s2,0.05,26,0.112890,40040
train,kv,kv-A-s2,0.1,53,0.123420,39616
train,kv,kv-A-s2,0.2,106,0.173853,40384
train,kv,kv-A-s3,0.05,26,0.111144,40430
train,kv,kv-A-s3,0.1,53,0.122513,40832
train,kv,kv-A-s3,0.2,106,0.173202,38304
train,kv,kv-Arehash-s1,0.05,37,0.035348,40736
train,kv,kv-Arehash-s1,0.1,75,0.041475,40768
train,kv,kv-Arehash-s1,0.2,150,0.051373,41088
train,kv,kv-Arehash-s2,0.05,37,0.035108,39104
train,kv,kv-Arehash-s2,0.1,75,0.041361,40384
train,kv,kv-Arehash-s2,0.2,150,0.051227,41632
train,kv,kv-Arehash-s3,0.05,37,0.035322,39840
train,kv,kv-Arehash-s3,0.1,75,0.041497,38144
train,kv,kv-Arehash-s3,0.2,150,0.051615,38720
train,kv,kv-Avsize-s1,0.05,34,0.037544,40224
train,kv,kv-Avsize-s1,0.1,67,0.065366,38304
train,kv,kv-Avsize-s1,0.2,134,0.118495,39712
train,kv,kv-Avsize-s2,0.05,33,0.040154,40256
train,kv,kv-Avsize-s2,0.1,66,0.068836,40960
train,kv,kv-Avsize-s2,0.2,133,0.126008,38592
train,kv,kv-Avsize-s3,0.05,34,0.036426,41088
train,kv,kv-Avsize-s3,0.1,68,0.064162,39232
train,kv,kv-Avsize-s3,0.2,135,0.119755,40224
train,kv,kv-B-s1,0.05,26,0.112642,39832
train,kv,kv-B-s1,0.1,53,0.122657,42656
train,kv,kv-B-s1,0.2,106,0.171916,39936
train,kv,kv-B-s2,0.05,26,0.113006,39884
train,kv,kv-B-s2,0.1,53,0.123420,39680
train,kv,kv-B-s2,0.2,106,0.173853,39136
train,kv,kv-B-s3,0.05,26,0.111281,40300
train,kv,kv-B-s3,0.1,53,0.122537,41216
train,kv,kv-B-s3,0.2,106,0.173226,38368
train,kv,kv-C-s1,0.05,26,0.115431,41002
train,kv,kv-C-s1,0.1,53,0.124925,40992
train,kv,kv-C-s1,0.2,105,0.175611,41152
train,kv,kv-C-s2,0.05,26,0.116128,40898
train,kv,kv-C-s2,0.1,53,0.125527,40224
train,kv,kv-C-s2,0.2,105,0.177987,40160
train,kv,kv-C-s3,0.05,26,0.114401,42120
train,kv,kv-C-s3,0.1,53,0.124168,39008
train,kv,kv-C-s3,0.2,105,0.174386,41696
train,kv,kv-D-s1,0.05,26,0.088448,40820
train,kv,kv-D-s1,0.1,53,0.085663,39296
train,kv,kv-D-s1,0.2,106,0.131759,39456
train,kv,kv-D-s2,0.05,26,0.088184,38142
train,kv,kv-D-s2,0.1,53,0.085529,38976
train,kv,kv-D-s2,0.2,106,0.130849,39360
train,kv,kv-D-s3,0.05,26,0.088326,39910
train,kv,kv-D-s3,0.1,53,0.084994,39712
train,kv,kv-D-s3,0.2,106,0.131179,39840
train,matmul,matmul-blocked64-s1,0.05,2,0.203438,40060
train,matmul,matmul-blocked64-s1,0.1,2,0.203438,39726
train,matmul,matmul-blocked64-s1,0.2,2,0.203438,40160
train,matmul,matmul-blocked96-s1,0.05,2,0.051440,40294
train,matmul,matmul-blocked96-s1,0.1,3,0.078258,40404
train,matmul,matmul-blocked96-s1,0.2,5,1.000000,14120
train,matmul,matmul-naive64-s1,0.05,2,0.813868,40066
train,matmul,matmul-naive64-s1,0.1,2,0.813868,39944
train,matmul,matmul-naive64-s1,0.2,2,0.813868,39658
train,matmul,matmul-naive96-s1,0.05,2,0.196175,40164
train,matmul,matmul-naive96-s1,0.1,3,0.142899,39996
train,matmul,matmul-naive96-s1,0.2,5,0.085741,39425
train,sort,sort-n20000-s1,0.05,2,0.058437,39664
train,sort,sort-n20000-s1,0.1,4,1.000000,2412
train,sort,sort-n20000-s1,0.2,8,1.000000,4752
train,sort,sort-n40000-s1,0.05,4,1.000000,5092
train,sort,sort-n40000-s1,0.1,8,1.000000,10080
train,sort,sort-n40000-s1,0.2,16,1.000000,20016
val,btree,btree-insert-s4,0.05,206,0.009957,20576
val,btree,btree-insert-s4,0.1,412,0.013450,20864
val,btree,btree-insert-s4,0.2,823,0.021087,19648
val,btree,btree-lookup-s4,0.05,108,0.005677,20128
val,btree,btree-lookup-s4,0.1,216,0.007196,20128
val,btree,btree-lookup-s4,0.2,433,0.010426,20736
val,btree,btree-mixed-s4,0.05,88,0.008252,20448
val,btree,btree-mixed-s4,0.1,175,0.010856,19616
val,btree,btree-mixed-s4,0.2,350,0.016882,18848
val,btree,btree-mixedwal-s4,0.05,88,0.008223,20160
val,btree,btree-mixedwal-s4,0.1,175,0.010824,20416
val,btree,btree-mixedwal-s4,0.2,351,0.016882,21088
val,graph,graph-both1000x3-s2,0.05,50,0.000478,21280
val,graph,graph-both1000x3-s2,0.1,100,0.003947,18944
val,graph,graph-both1000x3-s2,0.2,200,0.008685,20384
val,graph,graph-both2000x1-s4,0.05,100,0.000443,20960
val,graph,graph-both2000x1-s4,0.1,200,0.002072,19328
val,graph,graph-both2000x1-s4,0.2,399,0.004435,19744
val,graph,graph-pr2000x2-s2,0.05,83,0.000443,19776
val,graph,graph-pr2000x2-s2,0.1,167,0.011925,19776
val,graph,graph-pr2000x2-s2,0.2,333,0.209170,18976
val,kv,kv-A-s4,0.05,26,0.056251,20592
val,kv,kv-A-s4,0.1,53,0.061425,19392
val,kv,kv-A-s4,0.2,106,0.086124,19232
val,kv,kv-Arehash-s4,0.05,37,0.017573,20320
val,kv,kv-Arehash-s4,0.1,75,0.020630,20832
val,kv,kv-Arehash-s4,0.2,150,0.025624,20704
val,kv,kv-Avsize-s4,0.05,34,0.018257,20704
val,kv,kv-Avsize-s4,0.1,68,0.031146,19488
val,kv,kv-Avsize-s4,0.2,136,0.058918,20832
val,kv,kv-B-s4,0.05,26,0.056325,18954
val,kv,kv-B-s4,0.1,53,0.061461,20800
val,kv,kv-B-s4,0.2,106,0.086112,18208
val,kv,kv-C-s4,0.05,26,0.057594,19864
val,kv,kv-C-s4,0.1,53,0.062066,19776
val,kv,kv-C-s4,0.2,105,0.087954,19744
val,kv,kv-D-s4,0.05,26,0.044247,19812
val,kv,kv-D-s4,0.1,53,0.042726,18048
val,kv,kv-D-s4,0.2,106,0.066236,19072
val,sort,sort-n20000-s2,0.05,2,0.029223,20440
val,sort,sort-n20000-s2,0.1,4,1.000000,2412
val,sort,sort-n20000-s2,0.2,8,1.000000,4760
val,sort,sort-n40000-s2,0.05,4,1.000000,5092
val,sort,sort-n40000-s2,0.1,8,1.000000,10080
val,sort,sort-n40000-s2,0.2,16,0.999201,19984
