workload,feature,tier,pearson_with_label,within_decision_spearman
btree,rec,F,+0.3166,+0.1960
btree,freq,F,-0.5263,-0.5191
btree,sd,F,+0.3276,+0.1960
btree,wr,F,+0.4550,+0.5726
btree,ref,K,-0.1394,-0.0513
btree,aging,K,-0.1568,-0.1410
btree,sfreq,K,-0.4837,-0.4508
btree,idle,K,+0.3257,+0.1926
btree,age,K,-0.2808,-0.3352
btree,dirty,K,+0.1094,+0.0616
btree,refaults,K+,-0.0117,-0.0796
btree,rdist,K+,+0.4551,+0.4494
graph,rec,F,+0.6220,+0.2852
graph,freq,F,-0.5606,-0.3946
graph,sd,F,+0.4643,+0.2852
graph,wr,F,-0.5488,-0.3962
graph,ref,K,-0.1636,-0.1302
graph,aging,K,-0.1883,-0.2206
graph,sfreq,K,-0.2630,-0.3161
graph,idle,K,+0.4236,+0.2863
graph,age,K,-0.1656,-0.3471
graph,dirty,K,-0.4556,-0.2943
graph,refaults,K+,-0.2982,+0.0099
graph,rdist,K+,+0.3913,+0.3637
kv,rec,F,+0.3821,+0.2534
kv,freq,F,-0.4558,-0.5240
kv,sd,F,+0.3629,+0.2534
kv,wr,F,-0.1045,-0.0880
kv,ref,K,-0.2631,-0.1329
kv,aging,K,-0.2863,-0.2322
kv,sfreq,K,-0.5063,-0.4441
kv,idle,K,+0.3716,+0.2477
kv,age,K,-0.3388,-0.3476
kv,dirty,K,-0.1264,-0.1662
kv,refaults,K+,-0.0849,-0.1751
kv,rdist,K+,+0.3573,+0.3481
matmul,rec,F,+0.4348,+0.2301
matmul,freq,F,-0.2222,-0.1170
matmul,sd,F,+0.4950,+0.2301
matmul,wr,F,+0.2954,+0.2503
matmul,ref,K,-0.2547,+0.3678
matmul,aging,K,-0.2882,+0.4102
matmul,sfreq,K,-0.3152,-0.3970
matmul,idle,K,+0.2868,+0.3682
matmul,age,K,-0.2970,-0.8923
matmul,dirty,K,+0.2398,+0.2484
matmul,refaults,K+,+0.1384,+0.7569
matmul,rdist,K+,+0.5136,+0.4767
sort,rec,F,+0.8692,+0.0489
sort,freq,F,-0.3644,+0.3206
sort,sd,F,+0.8237,+0.0489
sort,wr,F,+0.0793,-0.0634
sort,ref,K,-0.4144,-0.1987
sort,aging,K,-0.6498,+0.0281
sort,sfreq,K,+0.7582,+0.3087
sort,idle,K,+0.6691,-0.1923
sort,age,K,+0.7982,-0.0120
sort,dirty,K,+0.1697,-0.0315
sort,refaults,K+,-0.8132,-0.0062
sort,rdist,K+,+0.7398,+0.0045
