stem,split,workload,fraction,frames,policy,model,kernel_faults,sim_faults,kernel_over_sim,kernel_writes,sim_writes
matmul-blocked128-s1,heldout,matmul,0.1,5,clock,,4152,4152,1.0000,38,62
matmul-blocked128-s1,heldout,matmul,0.1,5,fifo,,8250,6192,1.3324,1676,1087
matmul-blocked128-s1,heldout,matmul,0.1,5,aging,,4146,4144,1.0005,37,62
matmul-blocked128-s1,heldout,matmul,0.1,5,lfu,,4146,4144,1.0005,37,62
matmul-blocked128-s1,heldout,matmul,0.1,5,ml,global,5044,6192,0.8146,550,1087
matmul-blocked128-s1,heldout,matmul,0.1,5,ml,matmul,4179,3924,1.0650,38,78
matmul-blocked128-s1,heldout,matmul,0.1,5,ml,matmul-k,4146,4144,1.0005,37,62
matmul-naive128-s1,heldout,matmul,0.1,5,clock,,278545,278545,1.0000,16388,16414
matmul-naive128-s1,heldout,matmul,0.1,5,aging,,278545,278545,1.0000,16388,16414
matmul-naive128-s1,heldout,matmul,0.1,5,lfu,,278545,278545,1.0000,16388,16414
matmul-naive128-s1,heldout,matmul,0.1,5,ml,global,284912,334240,0.8524,17121,16415
matmul-naive128-s1,heldout,matmul,0.1,5,fifo,,464230,334240,1.3889,62811,16415
matmul-naive128-s1,heldout,matmul,0.1,5,ml,matmul,262194,245784,1.0668,20,16412
matmul-naive128-s1,heldout,matmul,0.1,5,ml,matmul-k,278545,278545,1.0000,16388,16414
graph-pr2000x2-s3,test,graph,0.1,167,clock,,23390,54948,0.4257,20346,53283
graph-pr2000x2-s3,test,graph,0.1,167,fifo,,86130,100806,0.8544,82301,98809
graph-pr2000x2-s3,test,graph,0.1,167,aging,,41625,91873,0.4531,38625,90211
graph-pr2000x2-s3,test,graph,0.1,167,lfu,,84009,100942,0.8323,80894,99062
graph-pr2000x2-s3,test,graph,0.1,167,ml,graph,18309,48118,0.3805,9327,41364
graph-pr2000x2-s3,test,graph,0.1,167,ml,global,65576,53145,1.2339,58505,47185
graph-pr2000x2-s3,test,graph,0.1,167,ml,graph-k,19842,54067,0.3670,8921,41084
graph-both1000x3-s3,test,graph,0.1,100,clock,,155883,162740,0.9579,28135,30316
graph-both1000x3-s3,test,graph,0.1,100,fifo,,250227,252079,0.9927,60043,60225
graph-both1000x3-s3,test,graph,0.1,100,aging,,231328,236574,0.9778,46717,48154
graph-both1000x3-s3,test,graph,0.1,100,lfu,,236115,241274,0.9786,48348,49518
graph-both1000x3-s3,test,graph,0.1,100,ml,global,92509,88029,1.0509,7034,3726
graph-both1000x3-s3,test,graph,0.1,100,ml,graph,84689,84900,0.9975,540,1185
graph-both1000x3-s3,test,graph,0.1,100,ml,graph-k,84667,84898,0.9973,527,1180
sort-n60000-s3,heldout,sort,0.1,12,fifo,,2274,1894,1.2006,1063,997
sort-n60000-s3,heldout,sort,0.1,12,clock,,1912,1894,1.0095,969,999
sort-n60000-s3,heldout,sort,0.1,12,aging,,1908,1894,1.0074,964,997
sort-n60000-s3,heldout,sort,0.1,12,lfu,,1923,1894,1.0153,979,997
sort-n60000-s3,heldout,sort,0.1,12,ml,global,1867,1867,1.0000,941,984
sort-n60000-s3,heldout,sort,0.1,12,ml,sort,1786,1801,0.9917,898,953
sort-n60000-s3,heldout,sort,0.1,12,ml,sort-k,1908,1894,1.0074,964,997
sort-n60000-s1,heldout,sort,0.1,12,fifo,,2274,1894,1.2006,1063,997
sort-n60000-s1,heldout,sort,0.1,12,clock,,1910,1894,1.0084,969,999
sort-n60000-s1,heldout,sort,0.1,12,aging,,1908,1894,1.0074,964,997
sort-n60000-s1,heldout,sort,0.1,12,lfu,,1923,1894,1.0153,979,997
sort-n60000-s1,heldout,sort,0.1,12,ml,global,1867,1867,1.0000,941,984
sort-n60000-s1,heldout,sort,0.1,12,ml,sort,1783,1804,0.9884,896,955
sort-n60000-s1,heldout,sort,0.1,12,ml,sort-k,1908,1894,1.0074,964,997
sort-n60000-s2,heldout,sort,0.1,12,fifo,,2274,1894,1.2006,1063,997
sort-n60000-s2,heldout,sort,0.1,12,clock,,1911,1894,1.0090,969,999
sort-n60000-s2,heldout,sort,0.1,12,aging,,1908,1894,1.0074,964,997
sort-n60000-s2,heldout,sort,0.1,12,lfu,,1923,1894,1.0153,979,997
sort-n60000-s2,heldout,sort,0.1,12,ml,global,1867,1867,1.0000,942,984
sort-n60000-s2,heldout,sort,0.1,12,ml,sort,1780,1801,0.9883,895,953
sort-n60000-s2,heldout,sort,0.1,12,ml,sort-k,1908,1894,1.0074,964,997
sort-n40000-s3,test,sort,0.1,8,fifo,,1622,1275,1.2722,738,669
sort-n40000-s3,test,sort,0.1,8,clock,,1287,1269,1.0142,658,668
sort-n40000-s3,test,sort,0.1,8,aging,,1284,1268,1.0126,653,669
sort-n40000-s3,test,sort,0.1,8,lfu,,1291,1268,1.0181,659,668
sort-n40000-s3,test,sort,0.1,8,ml,global,1265,1262,1.0024,640,666
sort-n40000-s3,test,sort,0.1,8,ml,sort,1217,1231,0.9886,614,652
sort-n40000-s3,test,sort,0.1,8,ml,sort-k,1284,1268,1.0126,653,669
sort-n20000-s3,test,sort,0.1,4,fifo,,892,632,1.4114,384,318
sort-n20000-s3,test,sort,0.1,4,clock,,635,667,0.9520,327,339
sort-n20000-s3,test,sort,0.1,4,aging,,621,610,1.0180,318,318
sort-n20000-s3,test,sort,0.1,4,lfu,,621,610,1.0180,318,318
sort-n20000-s3,test,sort,0.1,4,ml,global,621,627,0.9904,313,325
sort-n20000-s3,test,sort,0.1,4,ml,sort,619,620,0.9984,312,323
sort-n20000-s3,test,sort,0.1,4,ml,sort-k,621,610,1.0180,318,318
kv-Arehash-s5,test,kv,0.1,75,clock,,31002,30740,1.0085,25926,25755
kv-Arehash-s5,test,kv,0.1,75,fifo,,41592,37826,1.0996,29793,28483
kv-Arehash-s5,test,kv,0.1,75,aging,,32600,32283,1.0098,27336,27147
kv-Arehash-s5,test,kv,0.1,75,lfu,,38893,36869,1.0549,28528,28252
kv-Arehash-s5,test,kv,0.1,75,ml,global,28559,28499,1.0021,24199,24150
kv-Arehash-s5,test,kv,0.1,75,ml,kv,28741,28733,1.0003,24062,24026
kv-Arehash-s5,test,kv,0.1,75,ml,kv-k,29539,29315,1.0076,24587,24443
graph-bfs2000-s3,heldout,graph,0.1,166,ml,global,237320,233251,1.0174,31332,27216
graph-bfs2000-s3,heldout,graph,0.1,166,clock,,444155,453818,0.9787,79426,82233
graph-bfs2000-s3,heldout,graph,0.1,166,ml,graph,241021,255082,0.9449,11015,14576
graph-bfs2000-s3,heldout,graph,0.1,166,fifo,,572405,573003,0.9990,109268,107983
graph-bfs2000-s3,heldout,graph,0.1,166,aging,,561021,568304,0.9872,105149,107211
graph-bfs2000-s3,heldout,graph,0.1,166,lfu,,565474,572819,0.9872,105829,107904
graph-bfs2000-s3,heldout,graph,0.1,166,ml,graph-k,245086,259281,0.9453,10231,13507
graph-both2000x1-s5,test,graph,0.1,200,ml,graph,165610,165829,0.9987,545,1835
graph-both2000x1-s5,test,graph,0.1,200,ml,graph-k,165635,165884,0.9985,596,1894
graph-both2000x1-s5,test,graph,0.1,200,ml,global,177226,170281,1.0408,10281,5484
graph-both2000x1-s5,test,graph,0.1,200,clock,,304581,310828,0.9799,54041,56864
graph-both2000x1-s5,test,graph,0.1,200,fifo,,474420,475538,0.9976,101773,101909
graph-both2000x1-s5,test,graph,0.1,200,aging,,459574,464713,0.9889,91952,93990
graph-both2000x1-s5,test,graph,0.1,200,lfu,,466553,471961,0.9885,96387,98563
graph-bfs2000-s1,heldout,graph,0.1,166,clock,,442953,452602,0.9787,79575,82419
graph-bfs2000-s1,heldout,graph,0.1,166,ml,global,237780,233336,1.0190,31689,27307
graph-bfs2000-s1,heldout,graph,0.1,166,fifo,,571076,571357,0.9995,109246,107852
graph-bfs2000-s1,heldout,graph,0.1,166,aging,,559530,566727,0.9873,105118,107141
graph-bfs2000-s1,heldout,graph,0.1,166,lfu,,564240,571052,0.9881,105864,107812
graph-bfs2000-s1,heldout,graph,0.1,166,ml,graph,239257,253579,0.9435,10983,14717
graph-bfs2000-s1,heldout,graph,0.1,166,ml,graph-k,243308,257814,0.9437,10415,13564
graph-bfs2000-s2,heldout,graph,0.1,166,clock,,442659,453222,0.9767,79283,82265
graph-bfs2000-s2,heldout,graph,0.1,166,fifo,,571118,571811,0.9988,109192,107909
graph-bfs2000-s2,heldout,graph,0.1,166,ml,global,236735,233238,1.0150,30993,27251
graph-bfs2000-s2,heldout,graph,0.1,166,aging,,559690,567003,0.9871,105071,107072
graph-bfs2000-s2,heldout,graph,0.1,166,lfu,,564129,571498,0.9871,105767,107825
graph-bfs2000-s2,heldout,graph,0.1,166,ml,graph,239232,253904,0.9422,10920,14449
graph-bfs2000-s2,heldout,graph,0.1,166,ml,graph-k,243493,257781,0.9446,10237,13455
kv-F-s4,heldout,kv,0.1,53,fifo,,13951,12195,1.1440,12976,12142
kv-F-s4,heldout,kv,0.1,53,clock,,10647,10333,1.0304,10647,10280
kv-F-s4,heldout,kv,0.1,53,aging,,12051,11792,1.0220,12051,11739
kv-F-s4,heldout,kv,0.1,53,lfu,,12632,12160,1.0388,12447,12107
kv-F-s4,heldout,kv,0.1,53,ml,global,9366,9333,1.0035,9364,9280
kv-F-s4,heldout,kv,0.1,53,ml,kv,9292,9388,0.9898,9290,9335
kv-F-s4,heldout,kv,0.1,53,ml,kv-k,9814,9608,1.0214,9814,9555
kv-F-s5,heldout,kv,0.1,53,fifo,,14043,12280,1.1436,13060,12227
kv-F-s5,heldout,kv,0.1,53,clock,,10679,10483,1.0187,10679,10430
kv-F-s5,heldout,kv,0.1,53,aging,,12123,11865,1.0217,12123,11812
kv-F-s5,heldout,kv,0.1,53,ml,global,9342,9414,0.9924,9340,9361
kv-F-s5,heldout,kv,0.1,53,lfu,,12709,12231,1.0391,12532,12178
kv-F-s5,heldout,kv,0.1,53,ml,kv,9352,9432,0.9915,9350,9379
kv-F-s5,heldout,kv,0.1,53,ml,kv-k,9877,9671,1.0213,9877,9618
kv-F-s3,heldout,kv,0.1,53,clock,,10635,10400,1.0226,10635,10347
kv-F-s3,heldout,kv,0.1,53,aging,,12065,11797,1.0227,12065,11744
kv-F-s3,heldout,kv,0.1,53,fifo,,13963,12210,1.1436,12985,12157
kv-F-s3,heldout,kv,0.1,53,ml,global,9349,9380,0.9967,9347,9327
kv-F-s3,heldout,kv,0.1,53,lfu,,12634,12166,1.0385,12446,12113
kv-F-s3,heldout,kv,0.1,53,ml,kv,9312,9370,0.9938,9310,9317
kv-F-s3,heldout,kv,0.1,53,ml,kv-k,9808,9604,1.0212,9808,9551
kv-F-s2,heldout,kv,0.1,53,clock,,10515,10241,1.0268,10515,10188
kv-F-s2,heldout,kv,0.1,53,fifo,,13848,12052,1.1490,12878,11999
kv-F-s2,heldout,kv,0.1,53,ml,global,9232,9260,0.9970,9230,9207
kv-F-s2,heldout,kv,0.1,53,aging,,11971,11666,1.0261,11971,11613
kv-F-s2,heldout,kv,0.1,53,lfu,,12509,12008,1.0417,12345,11955
kv-F-s2,heldout,kv,0.1,53,ml,kv,9200,9339,0.9851,9198,9286
kv-F-s2,heldout,kv,0.1,53,ml,kv-k,9714,9473,1.0254,9714,9420
kv-F-s1,heldout,kv,0.1,53,clock,,10623,10379,1.0235,10622,10326
kv-F-s1,heldout,kv,0.1,53,fifo,,13887,12137,1.1442,12913,12084
kv-F-s1,heldout,kv,0.1,53,aging,,11973,11708,1.0226,11973,11655
kv-F-s1,heldout,kv,0.1,53,lfu,,12559,12088,1.0390,12381,12035
kv-F-s1,heldout,kv,0.1,53,ml,global,9355,9310,1.0048,9353,9257
kv-F-s1,heldout,kv,0.1,53,ml,kv,9324,9382,0.9938,9322,9329
kv-F-s1,heldout,kv,0.1,53,ml,kv-k,9847,9649,1.0205,9847,9596
btree-scan-s3,heldout,btree,0.1,218,clock,,176845,176822,1.0001,19431,19478
btree-scan-s3,heldout,btree,0.1,218,fifo,,191950,188513,1.0182,20706,19724
btree-scan-s3,heldout,btree,0.1,218,aging,,187590,187587,1.0000,19691,19691
btree-scan-s3,heldout,btree,0.1,218,lfu,,189357,188510,1.0045,19723,19723
btree-scan-s3,heldout,btree,0.1,218,ml,global,158115,157883,1.0015,19249,19259
btree-scan-s3,heldout,btree,0.1,218,ml,btree,150889,150734,1.0010,18826,18772
btree-scan-s3,heldout,btree,0.1,218,ml,btree-k,157634,157334,1.0019,19215,18849
btree-scan-s1,heldout,btree,0.1,221,fifo,,194516,191086,1.0180,20863,19886
btree-scan-s1,heldout,btree,0.1,221,clock,,177900,177977,0.9996,19513,19533
btree-scan-s1,heldout,btree,0.1,221,aging,,190099,190097,1.0000,19861,19861
btree-scan-s1,heldout,btree,0.1,221,lfu,,191910,191066,1.0044,19878,19878
btree-scan-s1,heldout,btree,0.1,221,ml,global,159574,159233,1.0021,19186,19167
btree-scan-s1,heldout,btree,0.1,221,ml,btree,152389,152303,1.0006,18777,18722
btree-scan-s1,heldout,btree,0.1,221,ml,btree-k,159471,159104,1.0023,19065,18732
kv-Avsize-s5,test,kv,0.1,67,clock,,20850,20066,1.0391,13340,13097
kv-Avsize-s5,test,kv,0.1,67,fifo,,27382,24259,1.1287,17306,16297
kv-Avsize-s5,test,kv,0.1,67,ml,global,15249,15078,1.0113,9914,9991
kv-Avsize-s5,test,kv,0.1,67,aging,,25279,23845,1.0601,16262,16041
kv-Avsize-s5,test,kv,0.1,67,lfu,,26222,24204,1.0834,16702,16252
kv-Avsize-s5,test,kv,0.1,67,ml,kv,15107,14830,1.0187,9329,9389
kv-Avsize-s5,test,kv,0.1,67,ml,kv-k,15963,15516,1.0288,10277,10125
btree-mixedwal-s5,test,btree,0.1,176,clock,,58041,58146,0.9982,17520,17499
btree-mixedwal-s5,test,btree,0.1,176,fifo,,66276,64817,1.0225,19055,18322
btree-mixedwal-s5,test,btree,0.1,176,aging,,64323,64323,1.0000,18258,18254
btree-mixedwal-s5,test,btree,0.1,176,ml,global,50386,50404,0.9996,16195,16169
btree-mixedwal-s5,test,btree,0.1,176,lfu,,65167,64826,1.0053,18324,18324
btree-mixedwal-s5,test,btree,0.1,176,ml,btree,51167,49008,1.0441,18952,16856
btree-mixedwal-s5,test,btree,0.1,176,ml,btree-k,50588,48309,1.0472,19577,17330
btree-mixed-s5,test,btree,0.1,176,fifo,,65766,64316,1.0225,18674,17952
btree-mixed-s5,test,btree,0.1,176,clock,,57874,57894,0.9997,17461,17475
btree-mixed-s5,test,btree,0.1,176,aging,,63852,63851,1.0000,17931,17930
btree-mixed-s5,test,btree,0.1,176,lfu,,64612,64261,1.0055,17940,17940
btree-mixed-s5,test,btree,0.1,176,ml,global,50323,50197,1.0025,16141,16099
btree-mixed-s5,test,btree,0.1,176,ml,btree,51058,48927,1.0436,18923,16856
btree-mixed-s5,test,btree,0.1,176,ml,btree-k,50462,48187,1.0472,19536,17277
btree-lookup-s5,test,btree,0.1,217,clock,,87115,87226,0.9987,19547,19599
btree-lookup-s5,test,btree,0.1,217,ml,global,67838,67830,1.0001,19133,19148
btree-lookup-s5,test,btree,0.1,217,fifo,,99837,98041,1.0183,20539,19967
btree-lookup-s5,test,btree,0.1,217,ml,btree,63685,63683,1.0000,18781,18780
btree-lookup-s5,test,btree,0.1,217,aging,,97506,97504,1.0000,19944,19944
btree-lookup-s5,test,btree,0.1,217,lfu,,98418,98003,1.0042,19969,19969
btree-lookup-s5,test,btree,0.1,217,ml,btree-k,65247,65134,1.0017,19003,18733
kv-A-s5,test,kv,0.1,53,fifo,,13916,12163,1.1441,8360,7896
kv-A-s5,test,kv,0.1,53,clock,,10593,10388,1.0197,6062,6148
kv-A-s5,test,kv,0.1,53,aging,,12028,11743,1.0243,7441,7487
kv-A-s5,test,kv,0.1,53,lfu,,12616,12125,1.0405,7834,7858
kv-A-s5,test,kv,0.1,53,ml,global,9362,9354,1.0009,5142,5326
kv-A-s5,test,kv,0.1,53,ml,kv,9224,9291,0.9928,4912,5140
kv-A-s5,test,kv,0.1,53,ml,kv-k,9768,9560,1.0218,5282,5386
btree-scan-s2,heldout,btree,0.1,219,fifo,,191429,188018,1.0181,20755,19781
btree-scan-s2,heldout,btree,0.1,219,clock,,176374,176308,1.0004,19412,19357
btree-scan-s2,heldout,btree,0.1,219,aging,,187124,187122,1.0000,19768,19768
btree-scan-s2,heldout,btree,0.1,219,ml,global,157685,157902,0.9986,19109,19100
btree-scan-s2,heldout,btree,0.1,219,lfu,,188848,188008,1.0045,19780,19780
btree-scan-s2,heldout,btree,0.1,219,ml,btree,151133,151095,1.0003,18736,18696
btree-scan-s2,heldout,btree,0.1,219,ml,btree-k,158050,157858,1.0012,18983,18695
kv-D-s5,test,kv,0.1,53,fifo,,17172,15031,1.1424,2073,1896
kv-D-s5,test,kv,0.1,53,clock,,14975,14667,1.0210,1180,1610
kv-D-s5,test,kv,0.1,53,aging,,15056,14749,1.0208,1187,1622
kv-D-s5,test,kv,0.1,53,ml,global,14628,14329,1.0209,1150,1569
kv-D-s5,test,kv,0.1,53,lfu,,15234,14819,1.0280,1265,1686
kv-D-s5,test,kv,0.1,53,ml,kv,14620,14407,1.0148,1086,1515
kv-D-s5,test,kv,0.1,53,ml,kv-k,14695,14350,1.0240,1148,1584
kv-B-s5,test,kv,0.1,53,clock,,10636,10347,1.0279,983,1379
kv-B-s5,test,kv,0.1,53,fifo,,13915,12161,1.1442,2565,2437
kv-B-s5,test,kv,0.1,53,aging,,12026,11739,1.0244,1729,2110
kv-B-s5,test,kv,0.1,53,lfu,,12609,12127,1.0397,2046,2406
kv-B-s5,test,kv,0.1,53,ml,global,9380,9396,0.9983,763,1201
kv-B-s5,test,kv,0.1,53,ml,kv,9300,9336,0.9961,705,1135
kv-B-s5,test,kv,0.1,53,ml,kv-k,9768,9560,1.0218,713,1143
kv-C-s5,test,kv,0.1,53,clock,,10629,10378,1.0242,172,614
kv-C-s5,test,kv,0.1,53,fifo,,13689,11959,1.1447,1139,1314
kv-C-s5,test,kv,0.1,53,aging,,11853,11608,1.0211,603,1038
kv-C-s5,test,kv,0.1,53,lfu,,12374,11905,1.0394,857,1260
kv-C-s5,test,kv,0.1,53,ml,global,9296,9355,0.9937,62,547
kv-C-s5,test,kv,0.1,53,ml,kv,9264,9385,0.9871,50,523
kv-C-s5,test,kv,0.1,53,ml,kv-k,9805,9591,1.0223,51,524
btree-scan-s4,heldout,btree,0.1,216,fifo,,191481,188013,1.0184,20938,19940
btree-scan-s4,heldout,btree,0.1,216,clock,,176321,176397,0.9996,19557,19563
btree-scan-s4,heldout,btree,0.1,216,aging,,187106,187104,1.0000,19925,19925
btree-scan-s4,heldout,btree,0.1,216,lfu,,188851,188001,1.0045,19939,19939
btree-scan-s4,heldout,btree,0.1,216,ml,global,156567,156984,0.9973,19243,19262
btree-scan-s4,heldout,btree,0.1,216,ml,btree,149999,149989,1.0001,18962,18946
btree-scan-s4,heldout,btree,0.1,216,ml,btree-k,156945,156694,1.0016,19256,18942
btree-scan-s5,heldout,btree,0.1,217,fifo,,190755,187323,1.0183,20949,19967
btree-scan-s5,heldout,btree,0.1,217,clock,,175586,175636,0.9997,19548,19600
btree-scan-s5,heldout,btree,0.1,217,aging,,186424,186422,1.0000,19944,19944
btree-scan-s5,heldout,btree,0.1,217,lfu,,188158,187315,1.0045,19969,19969
btree-scan-s5,heldout,btree,0.1,217,ml,global,156975,157048,0.9995,19147,19164
btree-scan-s5,heldout,btree,0.1,217,ml,btree,149317,149304,1.0001,18849,18847
btree-scan-s5,heldout,btree,0.1,217,ml,btree-k,156766,156468,1.0019,19081,18810
btree-insert-s5,test,btree,0.1,410,fifo,,54262,53739,1.0097,39720,39458
btree-insert-s5,test,btree,0.1,410,clock,,47260,47429,0.9964,38823,38914
btree-insert-s5,test,btree,0.1,410,aging,,53578,53576,1.0000,39442,39442
btree-insert-s5,test,btree,0.1,410,lfu,,53853,53728,1.0023,39456,39456
btree-insert-s5,test,btree,0.1,410,ml,global,40649,40545,1.0026,38148,38119
btree-insert-s5,test,btree,0.1,410,ml,btree,38091,38057,1.0009,37598,37563
btree-insert-s5,test,btree,0.1,410,ml,btree-k,38245,38148,1.0025,37834,37738
