workload,variant,streams,splits,mean_refs,mean_distinct_pages,write_share
btree,btree-insert,5,train:3/val:1/test:1,210146,4107,0.273
btree,btree-lookup,5,train:3/val:1/test:1,328417,2182,0.089
btree,btree-mixed,5,train:3/val:1/test:1,223358,1760,0.104
btree,btree-mixedwal,5,train:3/val:1/test:1,241295,1761,0.171
btree,btree-scan,5,heldout:5,412599,2182,0.071
graph,graph-bfs2000,3,heldout:3,3183375,1665,0.159
graph,graph-both1000x3,3,train:1/val:1/test:1,6200054,999,0.412
graph,graph-both2000x1,5,train:3/val:1/test:1,6255588,1997,0.326
graph,graph-pr2000x2,3,train:1/val:1/test:1,6143976,1667,0.500
kv,kv-A,5,train:3/val:1/test:1,160326,528,0.437
kv,kv-Arehash,5,train:3/val:1/test:1,478839,749,0.398
kv,kv-Avsize,5,train:3/val:1/test:1,318146,672,0.224
kv,kv-B,5,train:3/val:1/test:1,106211,528,0.236
kv,kv-C,5,train:3/val:1/test:1,100152,527,0.200
kv,kv-D,5,train:3/val:1/test:1,106099,528,0.236
kv,kv-F,5,heldout:5,320626,528,0.437
matmul,matmul-blocked128,1,heldout:1,4734976,48,0.059
matmul,matmul-blocked64,1,train:1,593920,12,0.062
matmul,matmul-blocked96,1,train:1,1999872,27,0.060
matmul,matmul-naive128,1,heldout:1,4210688,48,0.004
matmul,matmul-naive64,1,train:1,528384,12,0.008
matmul,matmul-naive96,1,train:1,1778688,27,0.005
sort,sort-n20000,3,train:1/val:1/test:1,867311,40,0.346
sort,sort-n40000,3,train:1/val:1/test:1,1854631,79,0.345
sort,sort-n60000,3,heldout:3,2800589,118,0.343
