scope,workload,split,feature,mean_delta_log_ratio,median_delta_log_ratio,pairs
btree,btree,val,ref,-0.0459,-0.0031,127
btree,btree,val,aging,-0.0688,-0.0186,127
btree,btree,val,sfreq,-0.2012,-0.1063,127
btree,btree,val,idle,-0.4292,-0.3681,127
btree,btree,val,age,-0.0390,-0.0047,127
btree,btree,val,dirty,-0.0725,-0.0241,127
btree,btree,val,refaults,-0.1077,-0.0536,127
btree,btree,val,rdist,-0.0607,+0.0022,127
btree,btree,test,ref,-0.0394,-0.0012,127
btree,btree,test,aging,-0.0637,-0.0163,127
btree,btree,test,sfreq,-0.2006,-0.0936,127
btree,btree,test,idle,-0.4214,-0.3448,127
btree,btree,test,age,-0.0433,-0.0109,127
btree,btree,test,dirty,-0.0719,-0.0223,127
btree,btree,test,refaults,-0.1036,-0.0552,127
btree,btree,test,rdist,-0.0583,+0.0058,127
btree,btree,heldout,ref,-0.0226,-0.0009,127
btree,btree,heldout,aging,-0.0361,-0.0052,127
btree,btree,heldout,sfreq,-0.1578,-0.0498,127
btree,btree,heldout,idle,-0.2347,-0.1639,127
btree,btree,heldout,age,-0.0315,-0.0199,127
btree,btree,heldout,dirty,-0.0328,-0.0066,127
btree,btree,heldout,refaults,-0.0647,-0.0334,127
btree,btree,heldout,rdist,-0.0522,+0.0001,127
graph,graph,val,ref,-0.0017,+0.0000,127
graph,graph,val,aging,+0.0370,+0.0000,127
graph,graph,val,sfreq,+0.3049,+0.0291,127
graph,graph,val,idle,-1.1066,-1.2385,127
graph,graph,val,age,+0.1849,+0.0000,127
graph,graph,val,dirty,-0.0735,-0.0240,127
graph,graph,val,refaults,-0.0231,+0.0000,127
graph,graph,val,rdist,+0.0101,+0.0000,127
graph,graph,test,ref,-0.0018,+0.0000,127
graph,graph,test,aging,+0.0348,+0.0000,127
graph,graph,test,sfreq,+0.3081,+0.0271,127
graph,graph,test,idle,-1.1002,-1.2295,127
graph,graph,test,age,+0.1881,+0.0000,127
graph,graph,test,dirty,-0.0747,-0.0344,127
graph,graph,test,refaults,-0.0173,+0.0000,127
graph,graph,test,rdist,+0.0107,+0.0000,127
graph,graph,heldout,ref,+0.0196,+0.0000,127
graph,graph,heldout,aging,+0.0012,+0.0064,127
graph,graph,heldout,sfreq,+0.2549,+0.0151,127
graph,graph,heldout,idle,-0.6403,-0.6147,127
graph,graph,heldout,age,-0.0856,-0.0368,127
graph,graph,heldout,dirty,-0.1759,-0.1660,127
graph,graph,heldout,refaults,-0.1824,-0.2183,127
graph,graph,heldout,rdist,+0.0312,-0.0255,127
kv,kv,val,ref,-0.0164,-0.0019,127
kv,kv,val,aging,-0.0408,-0.0172,127
kv,kv,val,sfreq,-0.0882,+0.0236,127
kv,kv,val,idle,-0.3529,-0.2191,127
kv,kv,val,age,+0.0151,-0.0170,127
kv,kv,val,dirty,+0.0101,+0.0021,127
kv,kv,val,refaults,-0.1081,-0.0260,127
kv,kv,val,rdist,+0.0277,+0.0114,127
kv,kv,test,ref,-0.0140,-0.0023,127
kv,kv,test,aging,-0.0438,-0.0172,127
kv,kv,test,sfreq,-0.0864,+0.0335,127
kv,kv,test,idle,-0.3519,-0.2173,127
kv,kv,test,age,+0.0160,-0.0198,127
kv,kv,test,dirty,+0.0117,+0.0039,127
kv,kv,test,refaults,-0.1090,-0.0267,127
kv,kv,test,rdist,+0.0279,+0.0102,127
kv,kv,heldout,ref,-0.0217,-0.0016,127
kv,kv,heldout,aging,-0.0343,-0.0125,127
kv,kv,heldout,sfreq,-0.0929,+0.0060,127
kv,kv,heldout,idle,-0.2527,-0.1598,127
kv,kv,heldout,age,+0.0015,-0.0127,127
kv,kv,heldout,dirty,+0.0035,+0.0035,127
kv,kv,heldout,refaults,-0.0893,-0.0224,127
kv,kv,heldout,rdist,+0.0541,+0.0116,127
matmul,matmul,heldout,ref,-0.0279,+0.0000,127
matmul,matmul,heldout,aging,-0.0618,-0.0054,127
matmul,matmul,heldout,sfreq,+0.0797,+0.0236,127
matmul,matmul,heldout,idle,-0.2054,-0.2453,127
matmul,matmul,heldout,age,+0.0595,+0.0036,127
matmul,matmul,heldout,dirty,-0.0128,+0.0000,127
matmul,matmul,heldout,refaults,-0.0028,+0.0000,127
matmul,matmul,heldout,rdist,+0.0299,+0.0000,127
sort,sort,val,ref,-0.0282,-0.0107,127
sort,sort,val,aging,-0.0429,-0.0257,127
sort,sort,val,sfreq,+0.0738,+0.0638,127
sort,sort,val,idle,-0.0091,+0.0006,127
sort,sort,val,age,+0.0125,+0.0178,127
sort,sort,val,dirty,-0.0038,-0.0006,127
sort,sort,val,refaults,-0.0501,-0.0455,127
sort,sort,val,rdist,+0.0098,+0.0012,127
sort,sort,test,ref,-0.0266,-0.0090,127
sort,sort,test,aging,-0.0428,-0.0255,127
sort,sort,test,sfreq,+0.0756,+0.0667,127
sort,sort,test,idle,-0.0097,+0.0000,127
sort,sort,test,age,+0.0087,+0.0156,127
sort,sort,test,dirty,-0.0025,-0.0007,127
sort,sort,test,refaults,-0.0496,-0.0513,127
sort,sort,test,rdist,+0.0110,+0.0036,127
sort,sort,heldout,ref,-0.0204,-0.0002,127
sort,sort,heldout,aging,-0.0213,+0.0000,127
sort,sort,heldout,sfreq,+0.0544,+0.0179,127
sort,sort,heldout,idle,-0.0507,+0.0002,127
sort,sort,heldout,age,-0.0467,+0.0021,127
sort,sort,heldout,dirty,+0.0004,+0.0000,127
sort,sort,heldout,refaults,-0.0329,-0.0100,127
sort,sort,heldout,rdist,+0.0100,-0.0002,127
global,btree,val,ref,+0.0238,+0.0022,127
global,btree,val,aging,+0.1854,+0.0835,127
global,btree,val,sfreq,-0.0980,-0.0330,127
global,btree,val,idle,-0.1622,-0.0618,127
global,btree,val,age,+0.0184,+0.0006,127
global,btree,val,dirty,-0.0276,-0.0135,127
global,btree,val,refaults,-0.3001,-0.2238,127
global,btree,val,rdist,+0.1335,+0.0241,127
global,btree,test,ref,+0.0248,+0.0015,127
global,btree,test,aging,+0.1877,+0.0795,127
global,btree,test,sfreq,-0.0978,-0.0361,127
global,btree,test,idle,-0.1591,-0.0603,127
global,btree,test,age,+0.0178,+0.0004,127
global,btree,test,dirty,-0.0254,-0.0140,127
global,btree,test,refaults,-0.2996,-0.2243,127
global,btree,test,rdist,+0.1323,+0.0258,127
global,btree,heldout,ref,+0.0069,+0.0000,127
global,btree,heldout,aging,+0.0930,+0.0191,127
global,btree,heldout,sfreq,-0.0746,-0.0535,127
global,btree,heldout,idle,-0.0743,-0.0165,127
global,btree,heldout,age,+0.0108,+0.0001,127
global,btree,heldout,dirty,-0.0148,-0.0057,127
global,btree,heldout,refaults,-0.1942,-0.1477,127
global,btree,heldout,rdist,+0.0645,+0.0178,127
global,graph,val,ref,+0.0851,+0.0000,127
global,graph,val,aging,+0.3372,+0.0000,127
global,graph,val,sfreq,+0.3303,+0.0000,127
global,graph,val,idle,-0.6587,-0.6381,127
global,graph,val,age,+0.1138,+0.0000,127
global,graph,val,dirty,+0.0360,+0.0000,127
global,graph,val,refaults,-0.1021,+0.0000,127
global,graph,val,rdist,+0.2140,+0.0000,127
global,graph,test,ref,+0.0843,+0.0000,127
global,graph,test,aging,+0.3338,+0.0000,127
global,graph,test,sfreq,+0.3302,+0.0000,127
global,graph,test,idle,-0.6570,-0.6404,127
global,graph,test,age,+0.1144,+0.0000,127
global,graph,test,dirty,+0.0354,+0.0000,127
global,graph,test,refaults,-0.0995,+0.0000,127
global,graph,test,rdist,+0.2152,+0.0000,127
global,graph,heldout,ref,-0.0087,+0.0000,127
global,graph,heldout,aging,+0.0874,+0.0000,127
global,graph,heldout,sfreq,+0.3471,+0.0460,127
global,graph,heldout,idle,-0.5521,-0.4338,127
global,graph,heldout,age,-0.1859,-0.0357,127
global,graph,heldout,dirty,+0.1987,+0.0285,127
global,graph,heldout,refaults,-0.4222,-0.3620,127
global,graph,heldout,rdist,+0.1605,+0.0423,127
global,kv,val,ref,+0.0135,+0.0041,127
global,kv,val,aging,+0.0908,+0.0619,127
global,kv,val,sfreq,-0.0401,-0.0093,127
global,kv,val,idle,-0.1576,-0.0956,127
global,kv,val,age,-0.0012,-0.0007,127
global,kv,val,dirty,+0.0255,+0.0042,127
global,kv,val,refaults,-0.1889,-0.0963,127
global,kv,val,rdist,+0.1442,+0.0458,127
global,kv,test,ref,+0.0157,+0.0037,127
global,kv,test,aging,+0.0951,+0.0662,127
global,kv,test,sfreq,-0.0389,-0.0044,127
global,kv,test,idle,-0.1598,-0.0984,127
global,kv,test,age,+0.0032,+0.0007,127
global,kv,test,dirty,+0.0307,+0.0047,127
global,kv,test,refaults,-0.1831,-0.0909,127
global,kv,test,rdist,+0.1456,+0.0500,127
global,kv,heldout,ref,+0.0159,+0.0033,127
global,kv,heldout,aging,+0.0952,+0.0766,127
global,kv,heldout,sfreq,-0.0513,-0.0160,127
global,kv,heldout,idle,-0.1407,-0.0931,127
global,kv,heldout,age,+0.0113,+0.0000,127
global,kv,heldout,dirty,+0.0020,+0.0000,127
global,kv,heldout,refaults,-0.1774,-0.0769,127
global,kv,heldout,rdist,+0.1653,+0.0635,127
global,matmul,heldout,ref,-0.0751,-0.0000,127
global,matmul,heldout,aging,-0.0948,-0.0196,127
global,matmul,heldout,sfreq,+0.0630,+0.0119,127
global,matmul,heldout,idle,-0.0859,-0.0000,127
global,matmul,heldout,age,-0.0132,+0.0000,127
global,matmul,heldout,dirty,+0.0038,+0.0000,127
global,matmul,heldout,refaults,+0.0818,+0.0433,127
global,matmul,heldout,rdist,-0.0254,-0.0093,127
global,sort,val,ref,-0.0453,+0.0000,127
global,sort,val,aging,-0.0571,-0.0219,127
global,sort,val,sfreq,+0.0049,+0.0029,127
global,sort,val,idle,-0.0247,+0.0000,127
global,sort,val,age,-0.0051,+0.0000,127
global,sort,val,dirty,+0.0046,+0.0012,127
global,sort,val,refaults,+0.0077,+0.0032,127
global,sort,val,rdist,+0.0014,-0.0152,127
global,sort,test,ref,-0.0448,-0.0012,127
global,sort,test,aging,-0.0578,-0.0220,127
global,sort,test,sfreq,+0.0022,+0.0000,127
global,sort,test,idle,-0.0262,+0.0000,127
global,sort,test,age,-0.0073,-0.0000,127
global,sort,test,dirty,+0.0045,+0.0008,127
global,sort,test,refaults,+0.0068,+0.0016,127
global,sort,test,rdist,+0.0031,-0.0132,127
global,sort,heldout,ref,-0.0374,+0.0000,127
global,sort,heldout,aging,-0.0721,-0.0262,127
global,sort,heldout,sfreq,-0.0049,+0.0000,127
global,sort,heldout,idle,-0.0499,-0.0002,127
global,sort,heldout,age,-0.0185,-0.0017,127
global,sort,heldout,dirty,+0.0050,+0.0000,127
global,sort,heldout,refaults,-0.0012,+0.0011,127
global,sort,heldout,rdist,-0.0084,-0.0293,127
