policy,workload,split,fraction,geo_ratio_vs_clock,mean_gap_closed,geo_ratio_vs_lru,geo_writebacks_vs_clock,cells,censored
aging,btree,heldout,all,1.0602,-0.1597,1.0635,1.0210,15,0
aging,btree,heldout,0.05,1.0537,-0.1710,1.0577,1.0071,5,0
aging,btree,heldout,0.1,1.0625,-0.1674,1.0679,1.0170,5,0
aging,btree,heldout,0.2,1.0646,-0.1407,1.0649,1.0391,5,0
aging,btree,test,all,1.1180,-0.2630,1.1249,1.0312,12,0
aging,btree,test,0.05,1.0983,-0.2510,1.1056,1.0194,4,0
aging,btree,test,0.1,1.1141,-0.2537,1.1158,1.0250,4,0
aging,btree,test,0.2,1.1421,-0.2843,1.1539,1.0494,4,0
aging,btree,val,all,1.1184,-0.2638,1.1252,1.0305,12,0
aging,btree,val,0.05,1.0975,-0.2480,1.1053,1.0177,4,0
aging,btree,val,0.1,1.1167,-0.2608,1.1178,1.0271,4,0
aging,btree,val,0.2,1.1413,-0.2825,1.1529,1.0470,4,0
aging,graph,heldout,all,1.3153,-0.8351,1.3260,2.5218,9,0
aging,graph,heldout,0.05,1.0242,-0.0464,1.0237,1.0643,3,0
aging,graph,heldout,0.1,1.2518,-0.4042,1.2528,1.3017,3,0
aging,graph,heldout,0.2,1.7749,-2.0547,1.8179,11.5757,3,0
aging,graph,test,all,1.2861,-0.6115,1.2989,2.2760,9,0
aging,graph,test,0.05,1.0114,-0.0195,1.0110,1.0070,3,0
aging,graph,test,0.1,1.5374,-0.8472,1.5749,1.6442,3,0
aging,graph,test,0.2,1.3681,-0.9677,1.3763,7.1209,3,0
aging,graph,val,all,1.2872,-0.6134,1.3009,2.2827,9,0
aging,graph,val,0.05,1.0107,-0.0183,1.0105,1.0067,3,0
aging,graph,val,0.1,1.5422,-0.8543,1.5821,1.6533,3,0
aging,graph,val,0.2,1.3683,-0.9677,1.3770,7.1469,3,0
aging,kv,heldout,all,1.1212,-0.2852,1.1422,1.1222,15,0
aging,kv,heldout,0.05,1.0802,-0.2093,1.1039,1.0803,5,0
aging,kv,heldout,0.1,1.1349,-0.3271,1.1548,1.1356,5,0
aging,kv,heldout,0.2,1.1498,-0.3193,1.1691,1.1520,5,0
aging,kv,test,all,1.0970,-0.2258,1.1129,1.2170,18,0
aging,kv,test,0.05,1.0552,-0.1453,1.0670,1.1422,6,0
aging,kv,test,0.1,1.1030,-0.2421,1.1191,1.2650,6,0
aging,kv,test,0.2,1.1341,-0.2899,1.1543,1.2477,6,0
aging,kv,val,all,1.0993,-0.2320,1.1167,1.2145,18,0
aging,kv,val,0.05,1.0568,-0.1511,1.0741,1.1401,6,0
aging,kv,val,0.1,1.1063,-0.2509,1.1232,1.2629,6,0
aging,kv,val,0.2,1.1363,-0.2940,1.1544,1.2440,6,0
aging,matmul,heldout,all,0.9313,0.1072,1.0598,1.0078,6,0
aging,matmul,heldout,0.05,0.7500,0.5000,1.1902,1.0000,2,0
aging,matmul,heldout,0.1,0.9990,0.0072,1.0000,1.0000,2,0
aging,matmul,heldout,0.2,1.0779,-0.1857,1.0000,1.0236,2,0
aging,sort,heldout,all,0.9985,0.0442,0.9999,0.9992,9,0
aging,sort,heldout,0.05,0.9943,0.1393,0.9998,0.9990,3,0
aging,sort,heldout,0.1,1.0000,0.0000,1.0000,0.9980,3,0
aging,sort,heldout,0.2,1.0012,-0.0068,1.0000,1.0007,3,0
aging,sort,test,all,1.0111,0.1139,0.9992,1.0138,6,0
aging,sort,test,0.05,1.0812,0.0087,0.9952,1.0765,2,0
aging,sort,test,0.1,0.9559,0.3329,1.0025,0.9693,2,0
aging,sort,test,0.2,1.0000,0.0000,1.0000,0.9985,2,0
aging,sort,val,all,1.0104,0.1242,0.9987,1.0066,6,0
aging,sort,val,0.05,1.0717,0.0503,0.9952,1.0539,2,0
aging,sort,val,0.1,0.9609,0.3340,1.0008,0.9671,2,0
aging,sort,val,0.2,1.0017,-0.0118,1.0000,1.0008,2,0
belady,btree,heldout,all,0.6150,1.0000,0.6169,0.6459,15,0
belady,btree,heldout,0.05,0.6860,1.0000,0.6886,0.7735,5,0
belady,btree,heldout,0.1,0.6266,1.0000,0.6298,0.6511,5,0
belady,btree,heldout,0.2,0.5411,1.0000,0.5412,0.5350,5,0
belady,btree,test,all,0.5501,1.0000,0.5535,0.7067,12,0
belady,btree,test,0.05,0.6083,1.0000,0.6123,0.8223,4,0
belady,btree,test,0.1,0.5500,1.0000,0.5509,0.7176,4,0
belady,btree,test,0.2,0.4976,1.0000,0.5028,0.5980,4,0
belady,btree,val,all,0.5503,1.0000,0.5536,0.7077,12,0
belady,btree,val,0.05,0.6070,1.0000,0.6114,0.8230,4,0
belady,btree,val,0.1,0.5521,1.0000,0.5527,0.7208,4,0
belady,btree,val,0.2,0.4971,1.0000,0.5021,0.5974,4,0
belady,graph,heldout,all,0.4822,1.0000,0.4861,0.2971,9,0
belady,graph,heldout,0.05,0.4774,1.0000,0.4772,0.6059,3,0
belady,graph,heldout,0.1,0.3770,1.0000,0.3773,0.1458,3,0
belady,graph,heldout,0.2,0.6229,1.0000,0.6380,0.2969,3,0
belady,graph,test,all,0.4556,1.0000,0.4601,0.2573,9,0
belady,graph,test,0.05,0.4123,1.0000,0.4121,0.4033,3,0
belady,graph,test,0.1,0.3365,1.0000,0.3447,0.0587,3,0
belady,graph,test,0.2,0.6817,1.0000,0.6858,0.7196,3,0
belady,graph,val,all,0.4552,1.0000,0.4600,0.2573,9,0
belady,graph,val,0.05,0.4119,1.0000,0.4118,0.4029,3,0
belady,graph,val,0.1,0.3363,1.0000,0.3450,0.0586,3,0
belady,graph,val,0.2,0.6809,1.0000,0.6853,0.7214,3,0
belady,kv,heldout,all,0.5772,1.0000,0.5880,0.5738,15,0
belady,kv,heldout,0.05,0.6168,1.0000,0.6304,0.6162,5,0
belady,kv,heldout,0.1,0.5876,1.0000,0.5979,0.5855,5,0
belady,kv,heldout,0.2,0.5305,1.0000,0.5394,0.5236,5,0
belady,kv,test,all,0.5706,1.0000,0.5789,0.6901,18,0
belady,kv,test,0.05,0.6286,1.0000,0.6357,0.6358,6,0
belady,kv,test,0.1,0.5727,1.0000,0.5810,0.7212,6,0
belady,kv,test,0.2,0.5160,1.0000,0.5251,0.7166,6,0
belady,kv,val,all,0.5718,1.0000,0.5809,0.6937,18,0
belady,kv,val,0.05,0.6310,1.0000,0.6413,0.6439,6,0
belady,kv,val,0.1,0.5749,1.0000,0.5837,0.7250,6,0
belady,kv,val,0.2,0.5154,1.0000,0.5236,0.7149,6,0
belady,matmul,heldout,all,0.6172,1.0000,0.7024,0.8630,6,0
belady,matmul,heldout,0.05,0.5000,1.0000,0.7935,1.0000,2,0
belady,matmul,heldout,0.1,0.8392,1.0000,0.8400,0.8943,2,0
belady,matmul,heldout,0.2,0.5603,1.0000,0.5198,0.7187,2,0
belady,sort,heldout,all,0.8964,1.0000,0.8977,0.9319,9,0
belady,sort,heldout,0.05,0.9589,1.0000,0.9643,0.9877,3,0
belady,sort,heldout,0.1,0.9182,1.0000,0.9182,0.9513,3,0
belady,sort,heldout,0.2,0.8182,1.0000,0.8172,0.8613,3,0
belady,sort,test,all,0.8304,1.0000,0.8206,0.8677,6,0
belady,sort,test,0.05,0.7582,1.0000,0.6979,0.7647,2,0
belady,sort,test,0.1,0.8973,1.0000,0.9410,0.9450,2,0
belady,sort,test,0.2,0.8416,1.0000,0.8416,0.9040,2,0
belady,sort,val,all,0.8303,1.0000,0.8207,0.8621,6,0
belady,sort,val,0.05,0.7515,1.0000,0.6979,0.7486,2,0
belady,sort,val,0.1,0.9038,1.0000,0.9414,0.9429,2,0
belady,sort,val,0.2,0.8427,1.0000,0.8413,0.9076,2,0
clock,btree,heldout,all,1.0000,0.0000,1.0031,1.0000,15,0
clock,btree,heldout,0.05,1.0000,0.0000,1.0038,1.0000,5,0
clock,btree,heldout,0.1,1.0000,0.0000,1.0051,1.0000,5,0
clock,btree,heldout,0.2,1.0000,0.0000,1.0003,1.0000,5,0
clock,btree,test,all,1.0000,0.0000,1.0061,1.0000,12,0
clock,btree,test,0.05,1.0000,0.0000,1.0066,1.0000,4,0
clock,btree,test,0.1,1.0000,0.0000,1.0015,1.0000,4,0
clock,btree,test,0.2,1.0000,0.0000,1.0104,1.0000,4,0
clock,btree,val,all,1.0000,0.0000,1.0061,1.0000,12,0
clock,btree,val,0.05,1.0000,0.0000,1.0071,1.0000,4,0
clock,btree,val,0.1,1.0000,0.0000,1.0010,1.0000,4,0
clock,btree,val,0.2,1.0000,0.0000,1.0101,1.0000,4,0
clock,graph,heldout,all,1.0000,0.0000,1.0081,1.0000,9,0
clock,graph,heldout,0.05,1.0000,0.0000,0.9995,1.0000,3,0
clock,graph,heldout,0.1,1.0000,0.0000,1.0008,1.0000,3,0
clock,graph,heldout,0.2,1.0000,0.0000,1.0243,1.0000,3,0
clock,graph,test,all,1.0000,0.0000,1.0099,1.0000,9,0
clock,graph,test,0.05,1.0000,0.0000,0.9996,1.0000,3,0
clock,graph,test,0.1,1.0000,0.0000,1.0244,1.0000,3,0
clock,graph,test,0.2,1.0000,0.0000,1.0060,1.0000,3,0
clock,graph,val,all,1.0000,0.0000,1.0107,1.0000,9,0
clock,graph,val,0.05,1.0000,0.0000,0.9998,1.0000,3,0
clock,graph,val,0.1,1.0000,0.0000,1.0259,1.0000,3,0
clock,graph,val,0.2,1.0000,0.0000,1.0064,1.0000,3,0
clock,kv,heldout,all,1.0000,0.0000,1.0187,1.0000,15,0
clock,kv,heldout,0.05,1.0000,0.0000,1.0220,1.0000,5,0
clock,kv,heldout,0.1,1.0000,0.0000,1.0175,1.0000,5,0
clock,kv,heldout,0.2,1.0000,0.0000,1.0167,1.0000,5,0
clock,kv,test,all,1.0000,0.0000,1.0145,1.0000,18,0
clock,kv,test,0.05,1.0000,0.0000,1.0112,1.0000,6,0
clock,kv,test,0.1,1.0000,0.0000,1.0146,1.0000,6,0
clock,kv,test,0.2,1.0000,0.0000,1.0178,1.0000,6,0
clock,kv,val,all,1.0000,0.0000,1.0159,1.0000,18,0
clock,kv,val,0.05,1.0000,0.0000,1.0164,1.0000,6,0
clock,kv,val,0.1,1.0000,0.0000,1.0153,1.0000,6,0
clock,kv,val,0.2,1.0000,0.0000,1.0159,1.0000,6,0
clock,matmul,heldout,all,1.0000,0.0000,1.1380,1.0000,6,0
clock,matmul,heldout,0.05,1.0000,0.0000,1.5870,1.0000,2,0
clock,matmul,heldout,0.1,1.0000,0.0000,1.0010,1.0000,2,0
clock,matmul,heldout,0.2,1.0000,0.0000,0.9278,1.0000,2,0
clock,sort,heldout,all,1.0000,0.0000,1.0015,1.0000,9,0
clock,sort,heldout,0.05,1.0000,0.0000,1.0056,1.0000,3,0
clock,sort,heldout,0.1,1.0000,0.0000,1.0000,1.0000,3,0
clock,sort,heldout,0.2,1.0000,0.0000,0.9988,1.0000,3,0
clock,sort,test,all,1.0000,0.0000,0.9883,1.0000,6,0
clock,sort,test,0.05,1.0000,0.0000,0.9204,1.0000,2,0
clock,sort,test,0.1,1.0000,0.0000,1.0487,1.0000,2,0
clock,sort,test,0.2,1.0000,0.0000,1.0000,1.0000,2,0
clock,sort,val,all,1.0000,0.0000,0.9884,1.0000,6,0
clock,sort,val,0.05,1.0000,0.0000,0.9287,1.0000,2,0
clock,sort,val,0.1,1.0000,0.0000,1.0416,1.0000,2,0
clock,sort,val,0.2,1.0000,0.0000,0.9983,1.0000,2,0
fifo,btree,heldout,all,1.0664,-0.1774,1.0696,1.0221,15,0
fifo,btree,heldout,0.05,1.0642,-0.2046,1.0683,1.0084,5,0
fifo,btree,heldout,0.1,1.0677,-0.1814,1.0732,1.0181,5,0
fifo,btree,heldout,0.2,1.0671,-0.1463,1.0674,1.0401,5,0
fifo,btree,test,all,1.1257,-0.2813,1.1327,1.0332,12,0
fifo,btree,test,0.05,1.1115,-0.2848,1.1188,1.0222,4,0
fifo,btree,test,0.1,1.1206,-0.2683,1.1223,1.0267,4,0
fifo,btree,test,0.2,1.1453,-0.2908,1.1572,1.0509,4,0
fifo,btree,val,all,1.1259,-0.2815,1.1327,1.0324,12,0
fifo,btree,val,0.05,1.1105,-0.2812,1.1184,1.0208,4,0
fifo,btree,val,0.1,1.1230,-0.2748,1.1241,1.0284,4,0
fifo,btree,val,0.2,1.1444,-0.2885,1.1560,1.0483,4,0
fifo,graph,heldout,all,1.3260,-0.8558,1.3368,2.5442,9,0
fifo,graph,heldout,0.05,1.0356,-0.0681,1.0351,1.0785,3,0
fifo,graph,heldout,0.1,1.2622,-0.4209,1.2632,1.3111,3,0
fifo,graph,heldout,0.2,1.7838,-2.0783,1.8271,11.6465,3,0
fifo,graph,test,all,1.4179,-1.5320,1.4320,2.6812,9,0
fifo,graph,test,0.05,1.0356,-0.0606,1.0352,1.0092,3,0
fifo,graph,test,0.1,1.6321,-0.9924,1.6719,1.8760,3,0
fifo,graph,test,0.2,1.6866,-3.5430,1.6968,10.1809,3,0
fifo,graph,val,all,1.4209,-1.5383,1.4360,2.6921,9,0
fifo,graph,val,0.05,1.0350,-0.0595,1.0348,1.0089,3,0
fifo,graph,val,0.1,1.6438,-1.0094,1.6864,1.8943,3,0
fifo,graph,val,0.2,1.6862,-3.5461,1.6970,10.2089,3,0
fifo,kv,heldout,all,1.1664,-0.3966,1.1882,1.1676,15,0
fifo,kv,heldout,0.05,1.1559,-0.4068,1.1812,1.1562,5,0
fifo,kv,heldout,0.1,1.1744,-0.4228,1.1949,1.1753,5,0
fifo,kv,heldout,0.2,1.1691,-0.3603,1.1886,1.1715,5,0
fifo,kv,test,all,1.1631,-0.4213,1.1800,1.3716,18,0
fifo,kv,test,0.05,1.1697,-0.5312,1.1828,1.3925,6,0
fifo,kv,test,0.1,1.1585,-0.3858,1.1754,1.4104,6,0
fifo,kv,test,0.2,1.1612,-0.3470,1.1818,1.3140,6,0
fifo,kv,val,all,1.1614,-0.4123,1.1798,1.3683,18,0
fifo,kv,val,0.05,1.1647,-0.5054,1.1838,1.3918,6,0
fifo,kv,val,0.1,1.1585,-0.3855,1.1762,1.4061,6,0
fifo,kv,val,0.2,1.1610,-0.3461,1.1795,1.3090,6,0
fifo,matmul,heldout,all,1.0775,-0.8241,1.2261,2.3087,6,0
fifo,matmul,heldout,0.05,0.7500,0.5000,1.1902,1.0000,2,0
fifo,matmul,heldout,0.1,1.3377,-2.3777,1.3390,4.1873,2,0
fifo,matmul,heldout,0.2,1.2467,-0.5945,1.1566,2.9388,2,0
fifo,sort,heldout,all,0.9998,0.0128,1.0012,0.9989,9,0
fifo,sort,heldout,0.05,0.9981,0.0453,1.0037,0.9980,3,0
fifo,sort,heldout,0.1,1.0000,0.0000,1.0000,0.9980,3,0
fifo,sort,heldout,0.2,1.0012,-0.0068,1.0000,1.0007,3,0
fifo,sort,test,all,1.0295,-0.0473,1.0174,1.0160,6,0
fifo,sort,test,0.05,1.1150,-0.2913,1.0262,1.0837,2,0
fifo,sort,test,0.1,0.9757,0.1692,1.0232,0.9693,2,0
fifo,sort,test,0.2,1.0029,-0.0197,1.0029,0.9985,2,0
fifo,sort,val,all,1.0300,-0.0573,1.0181,1.0094,6,0
fifo,sort,val,0.05,1.1108,-0.3068,1.0316,1.0625,2,0
fifo,sort,val,0.1,0.9800,0.1608,1.0208,0.9671,2,0
fifo,sort,val,0.2,1.0037,-0.0258,1.0021,1.0008,2,0
lfu_exact,btree,heldout,all,0.8707,0.3508,0.8734,0.9545,15,0
lfu_exact,btree,heldout,0.05,0.8634,0.4349,0.8668,0.9644,5,0
lfu_exact,btree,heldout,0.1,0.8584,0.3793,0.8628,0.9535,5,0
lfu_exact,btree,heldout,0.2,0.8907,0.2382,0.8909,0.9458,5,0
lfu_exact,btree,test,all,0.9432,0.1308,0.9490,0.8949,12,0
lfu_exact,btree,test,0.05,0.9023,0.2465,0.9083,0.9350,4,0
lfu_exact,btree,test,0.1,0.9237,0.1619,0.9251,0.8977,4,0
lfu_exact,btree,test,0.2,1.0068,-0.0159,1.0172,0.8538,4,0
lfu_exact,btree,val,all,0.9455,0.1256,0.9513,0.8943,12,0
lfu_exact,btree,val,0.05,0.9023,0.2448,0.9088,0.9344,4,0
lfu_exact,btree,val,0.1,0.9299,0.1485,0.9308,0.9009,4,0
lfu_exact,btree,val,0.2,1.0075,-0.0164,1.0177,0.8498,4,0
lfu_exact,graph,heldout,all,1.6227,-1.2848,1.6359,3.0771,9,0
lfu_exact,graph,heldout,0.05,1.9102,-1.7417,1.9092,1.9087,3,0
lfu_exact,graph,heldout,0.1,1.4927,-0.7908,1.4939,2.1402,3,0
lfu_exact,graph,heldout,0.2,1.4984,-1.3218,1.5348,7.1324,3,0
lfu_exact,graph,test,all,3.0000,-5.4111,3.0298,3.0000,9,9
lfu_exact,graph,test,0.05,3.0000,-3.4031,2.9987,3.0000,3,3
lfu_exact,graph,test,0.1,3.0000,-3.2280,3.0731,3.0000,3,3
lfu_exact,graph,test,0.2,3.0000,-9.6022,3.0181,3.0000,3,3
lfu_exact,graph,val,all,3.0000,-5.4130,3.0320,3.0000,9,9
lfu_exact,graph,val,0.05,3.0000,-3.4007,2.9995,3.0000,3,3
lfu_exact,graph,val,0.1,3.0000,-3.2290,3.0777,3.0000,3,3
lfu_exact,graph,val,0.2,3.0000,-9.6093,3.0192,3.0000,3,3
lfu_exact,kv,heldout,all,1.0008,0.0041,1.0196,1.0009,15,0
lfu_exact,kv,heldout,0.05,0.9413,0.1533,0.9619,0.9408,5,0
lfu_exact,kv,heldout,0.1,1.0124,-0.0302,1.0302,1.0124,5,0
lfu_exact,kv,heldout,0.2,1.0520,-0.1109,1.0696,1.0528,5,0
lfu_exact,kv,test,all,1.1903,-0.5913,1.2076,0.9622,18,0
lfu_exact,kv,test,0.05,1.1240,-0.5991,1.1366,0.8426,6,0
lfu_exact,kv,test,0.1,1.1771,-0.5443,1.1943,1.0046,6,0
lfu_exact,kv,test,0.2,1.2747,-0.6306,1.2973,1.0523,6,0
lfu_exact,kv,val,all,1.1834,-0.5720,1.2022,0.9569,18,0
lfu_exact,kv,val,0.05,1.1223,-0.5795,1.1407,0.8408,6,0
lfu_exact,kv,val,0.1,1.1741,-0.5418,1.1921,1.0033,6,0
lfu_exact,kv,val,0.2,1.2577,-0.5948,1.2777,1.0388,6,0
lfu_exact,matmul,heldout,all,3.0000,-7.1456,3.4140,3.0000,6,6
lfu_exact,matmul,heldout,0.05,3.0000,-4.0003,4.7609,3.0000,2,2
lfu_exact,matmul,heldout,0.1,3.0000,-12.8420,3.0029,3.0000,2,2
lfu_exact,matmul,heldout,0.2,3.0000,-4.5944,2.7833,3.0000,2,2
lfu_exact,sort,heldout,all,3.0000,-28.0522,3.0044,3.0000,9,9
lfu_exact,sort,heldout,0.05,3.0000,-48.7150,3.0168,3.0000,3,3
lfu_exact,sort,heldout,0.1,3.0000,-24.4387,3.0000,3.0000,3,3
lfu_exact,sort,heldout,0.2,3.0000,-11.0030,2.9963,3.0000,3,3
lfu_exact,sort,test,all,2.9189,-15.4186,2.8846,3.0245,6,5
lfu_exact,sort,test,0.05,2.7631,-12.3301,2.5432,3.0742,2,1
lfu_exact,sort,test,0.1,3.0000,-21.1667,3.1460,3.0000,2,2
lfu_exact,sort,test,0.2,3.0000,-12.7591,3.0000,3.0000,2,2
lfu_exact,sort,val,all,2.9098,-15.7012,2.8762,3.0015,6,5
lfu_exact,sort,val,0.05,2.7375,-12.3363,2.5422,3.0046,2,1
lfu_exact,sort,val,0.1,3.0000,-21.9114,3.1248,3.0000,2,2
lfu_exact,sort,val,0.2,3.0000,-12.8560,2.9950,3.0000,2,2
lfu_kernel,btree,heldout,all,1.0663,-0.1772,1.0696,1.0220,15,0
lfu_kernel,btree,heldout,0.05,1.0641,-0.2042,1.0682,1.0083,5,0
lfu_kernel,btree,heldout,0.1,1.0677,-0.1812,1.0731,1.0180,5,0
lfu_kernel,btree,heldout,0.2,1.0671,-0.1463,1.0674,1.0401,5,0
lfu_kernel,btree,test,all,1.1254,-0.2806,1.1324,1.0331,12,0
lfu_kernel,btree,test,0.05,1.1111,-0.2838,1.1184,1.0222,4,0
lfu_kernel,btree,test,0.1,1.1203,-0.2674,1.1219,1.0266,4,0
lfu_kernel,btree,test,0.2,1.1452,-0.2905,1.1571,1.0508,4,0
lfu_kernel,btree,val,all,1.1257,-0.2809,1.1325,1.0323,12,0
lfu_kernel,btree,val,0.05,1.1100,-0.2798,1.1179,1.0205,4,0
lfu_kernel,btree,val,0.1,1.1227,-0.2741,1.1237,1.0282,4,0
lfu_kernel,btree,val,0.2,1.1446,-0.2890,1.1562,1.0483,4,0
lfu_kernel,graph,heldout,all,1.3254,-0.8542,1.3362,2.5414,9,0
lfu_kernel,graph,heldout,0.05,1.0353,-0.0675,1.0348,1.0774,3,0
lfu_kernel,graph,heldout,0.1,1.2616,-0.4199,1.2627,1.3103,3,0
lfu_kernel,graph,heldout,0.2,1.7826,-2.0751,1.8258,11.6270,3,0
lfu_kernel,graph,test,all,1.3988,-1.4520,1.4128,2.5843,9,0
lfu_kernel,graph,test,0.05,1.0253,-0.0432,1.0249,1.0079,3,0
lfu_kernel,graph,test,0.1,1.6051,-0.9467,1.6442,1.7395,3,0
lfu_kernel,graph,test,0.2,1.6632,-3.3660,1.6732,9.8443,3,0
lfu_kernel,graph,val,all,1.3992,-1.4198,1.4141,2.5855,9,0
lfu_kernel,graph,val,0.05,1.0248,-0.0423,1.0246,1.0078,3,0
lfu_kernel,graph,val,0.1,1.6198,-0.9680,1.6617,1.7592,3,0
lfu_kernel,graph,val,0.2,1.6501,-3.2492,1.6607,9.7489,3,0
lfu_kernel,kv,heldout,all,1.1614,-0.3841,1.1831,1.1626,15,0
lfu_kernel,kv,heldout,0.05,1.1468,-0.3833,1.1720,1.1471,5,0
lfu_kernel,kv,heldout,0.1,1.1701,-0.4125,1.1906,1.1710,5,0
lfu_kernel,kv,heldout,0.2,1.1673,-0.3565,1.1868,1.1697,5,0
lfu_kernel,kv,test,all,1.1505,-0.3842,1.1672,1.3213,18,0
lfu_kernel,kv,test,0.05,1.1481,-0.4577,1.1609,1.3018,6,0
lfu_kernel,kv,test,0.1,1.1484,-0.3602,1.1652,1.3669,6,0
lfu_kernel,kv,test,0.2,1.1551,-0.3345,1.1756,1.2963,6,0
lfu_kernel,kv,val,all,1.1495,-0.3777,1.1677,1.3179,18,0
lfu_kernel,kv,val,0.05,1.1440,-0.4368,1.1627,1.3001,6,0
lfu_kernel,kv,val,0.1,1.1490,-0.3615,1.1666,1.3626,6,0
lfu_kernel,kv,val,0.2,1.1555,-0.3348,1.1739,1.2922,6,0
lfu_kernel,matmul,heldout,all,0.9313,0.1072,1.0598,1.0078,6,0
lfu_kernel,matmul,heldout,0.05,0.7500,0.5000,1.1902,1.0000,2,0
lfu_kernel,matmul,heldout,0.1,0.9990,0.0072,1.0000,1.0000,2,0
lfu_kernel,matmul,heldout,0.2,1.0779,-0.1857,1.0000,1.0236,2,0
lfu_kernel,sort,heldout,all,0.9982,0.0514,0.9996,0.9989,9,0
lfu_kernel,sort,heldout,0.05,0.9934,0.1610,0.9989,0.9980,3,0
lfu_kernel,sort,heldout,0.1,1.0000,0.0000,1.0000,0.9980,3,0
lfu_kernel,sort,heldout,0.2,1.0012,-0.0068,1.0000,1.0007,3,0
lfu_kernel,sort,test,all,1.0111,0.1139,0.9992,1.0135,6,0
lfu_kernel,sort,test,0.05,1.0812,0.0087,0.9952,1.0765,2,0
lfu_kernel,sort,test,0.1,0.9559,0.3329,1.0025,0.9685,2,0
lfu_kernel,sort,test,0.2,1.0000,0.0000,1.0000,0.9985,2,0
lfu_kernel,sort,val,all,1.0101,0.1261,0.9984,1.0064,6,0
lfu_kernel,sort,val,0.05,1.0717,0.0503,0.9952,1.0539,2,0
lfu_kernel,sort,val,0.1,0.9609,0.3340,1.0008,0.9664,2,0
lfu_kernel,sort,val,0.2,1.0008,-0.0059,0.9992,1.0008,2,0
lru,btree,heldout,all,0.9969,0.0088,1.0000,0.9971,15,0
lru,btree,heldout,0.05,0.9962,0.0122,1.0000,0.9977,5,0
lru,btree,heldout,0.1,0.9949,0.0136,1.0000,0.9967,5,0
lru,btree,heldout,0.2,0.9997,0.0006,1.0000,0.9969,5,0
lru,btree,test,all,0.9939,0.0135,1.0000,0.9971,12,0
lru,btree,test,0.05,0.9935,0.0168,1.0000,0.9976,4,0
lru,btree,test,0.1,0.9985,0.0032,1.0000,0.9970,4,0
lru,btree,test,0.2,0.9897,0.0205,1.0000,0.9968,4,0
lru,btree,val,all,0.9940,0.0134,1.0000,0.9972,12,0
lru,btree,val,0.05,0.9929,0.0181,1.0000,0.9978,4,0
lru,btree,val,0.1,0.9990,0.0021,1.0000,0.9973,4,0
lru,btree,val,0.2,0.9900,0.0201,1.0000,0.9964,4,0
lru,graph,heldout,all,0.9919,0.0211,1.0000,0.7266,9,0
lru,graph,heldout,0.05,1.0005,-0.0009,1.0000,1.0020,3,0
lru,graph,heldout,0.1,0.9992,0.0013,1.0000,1.0043,3,0
lru,graph,heldout,0.2,0.9763,0.0629,1.0000,0.3812,3,0
lru,graph,test,all,0.9902,0.0259,1.0000,0.9375,9,0
lru,graph,test,0.05,1.0004,-0.0007,1.0000,1.0003,3,0
lru,graph,test,0.1,0.9762,0.0394,1.0000,0.9739,3,0
lru,graph,test,0.2,0.9940,0.0391,1.0000,0.8458,3,0
lru,graph,val,all,0.9895,0.0275,1.0000,0.9389,9,0
lru,graph,val,0.05,1.0002,-0.0003,1.0000,1.0005,3,0
lru,graph,val,0.1,0.9748,0.0413,1.0000,0.9721,3,0
lru,graph,val,0.2,0.9936,0.0415,1.0000,0.8509,3,0
lru,kv,heldout,all,0.9816,0.0443,1.0000,0.9815,15,0
lru,kv,heldout,0.05,0.9785,0.0560,1.0000,0.9785,5,0
lru,kv,heldout,0.1,0.9828,0.0417,1.0000,0.9827,5,0
lru,kv,heldout,0.2,0.9836,0.0350,1.0000,0.9833,5,0
lru,kv,test,all,0.9857,0.0328,1.0000,0.9749,18,0
lru,kv,test,0.05,0.9889,0.0291,1.0000,0.9681,6,0
lru,kv,test,0.1,0.9856,0.0333,1.0000,0.9706,6,0
lru,kv,test,0.2,0.9826,0.0362,1.0000,0.9862,6,0
lru,kv,val,all,0.9844,0.0360,1.0000,0.9707,18,0
lru,kv,val,0.05,0.9839,0.0415,1.0000,0.9576,6,0
lru,kv,val,0.1,0.9849,0.0346,1.0000,0.9650,6,0
lru,kv,val,0.2,0.9843,0.0320,1.0000,0.9899,6,0
lru,matmul,heldout,all,0.8787,0.1807,1.0000,1.0078,6,0
lru,matmul,heldout,0.05,0.6301,0.7206,1.0000,1.0000,2,0
lru,matmul,heldout,0.1,0.9990,0.0072,1.0000,1.0000,2,0
lru,matmul,heldout,0.2,1.0779,-0.1857,1.0000,1.0236,2,0
lru,sort,heldout,all,0.9985,0.0427,1.0000,0.9996,9,0
lru,sort,heldout,0.05,0.9944,0.1348,1.0000,0.9990,3,0
lru,sort,heldout,0.1,1.0000,0.0000,1.0000,0.9980,3,0
lru,sort,heldout,0.2,1.0012,-0.0068,1.0000,1.0017,3,0
lru,sort,test,all,1.0119,0.1148,1.0000,1.0155,6,0
lru,sort,test,0.05,1.0865,-0.0058,1.0000,1.0820,2,0
lru,sort,test,0.1,0.9536,0.3501,1.0000,0.9693,2,0
lru,sort,test,0.2,1.0000,0.0000,1.0000,0.9985,2,0
lru,sort,val,all,1.0117,0.1219,1.0000,1.0083,6,0
lru,sort,val,0.05,1.0768,0.0370,1.0000,1.0592,2,0
lru,sort,val,0.1,0.9601,0.3405,1.0000,0.9671,2,0
lru,sort,val,0.2,1.0017,-0.0118,1.0000,1.0008,2,0
sd_old,btree,heldout,all,1.0493,-0.1320,1.0525,0.9988,15,0
sd_old,btree,heldout,0.05,1.0482,-0.1534,1.0522,1.0001,5,0
sd_old,btree,heldout,0.1,1.0501,-0.1343,1.0555,0.9973,5,0
sd_old,btree,heldout,0.2,1.0497,-0.1082,1.0499,0.9989,5,0
sd_old,btree,test,all,1.0396,-0.0949,1.0460,1.0046,12,0
sd_old,btree,test,0.05,1.0524,-0.1370,1.0593,1.0092,4,0
sd_old,btree,test,0.1,1.0375,-0.0856,1.0391,1.0037,4,0
sd_old,btree,test,0.2,1.0289,-0.0622,1.0396,1.0011,4,0
sd_old,btree,val,all,1.0402,-0.0961,1.0465,1.0048,12,0
sd_old,btree,val,0.05,1.0515,-0.1338,1.0590,1.0087,4,0
sd_old,btree,val,0.1,1.0397,-0.0908,1.0407,1.0049,4,0
sd_old,btree,val,0.2,1.0295,-0.0638,1.0399,1.0009,4,0
sd_old,graph,heldout,all,1.3014,-0.7768,1.3120,2.3593,9,0
sd_old,graph,heldout,0.05,1.0347,-0.0665,1.0342,1.0741,3,0
sd_old,graph,heldout,0.1,1.2524,-0.4052,1.2535,1.2672,3,0
sd_old,graph,heldout,0.2,1.7009,-1.8586,1.7422,9.6479,3,0
sd_old,graph,test,all,1.3185,-0.9962,1.3316,2.3271,9,0
sd_old,graph,test,0.05,1.0349,-0.0594,1.0344,1.0083,3,0
sd_old,graph,test,0.1,1.4760,-0.7763,1.5120,1.5930,3,0
sd_old,graph,test,0.2,1.5007,-2.1527,1.5098,7.8457,3,0
sd_old,graph,val,all,1.3190,-0.9965,1.3330,2.3266,9,0
sd_old,graph,val,0.05,1.0344,-0.0586,1.0342,1.0083,3,0
sd_old,graph,val,0.1,1.4802,-0.7822,1.5185,1.5987,3,0
sd_old,graph,val,0.2,1.4987,-2.1488,1.5083,7.8131,3,0
sd_old,kv,heldout,all,1.1228,-0.2953,1.1438,1.1236,15,0
sd_old,kv,heldout,0.05,1.1302,-0.3399,1.1551,1.1305,5,0
sd_old,kv,heldout,0.1,1.1295,-0.3140,1.1493,1.1301,5,0
sd_old,kv,heldout,0.2,1.1088,-0.2319,1.1274,1.1104,5,0
sd_old,kv,test,all,1.1240,-0.3310,1.1404,1.2829,18,0
sd_old,kv,test,0.05,1.1517,-0.4820,1.1646,1.3358,6,0
sd_old,kv,test,0.1,1.1230,-0.3017,1.1395,1.3158,6,0
sd_old,kv,test,0.2,1.0980,-0.2092,1.1175,1.2012,6,0
sd_old,kv,val,all,1.1239,-0.3252,1.1417,1.2805,18,0
sd_old,kv,val,0.05,1.1471,-0.4570,1.1659,1.3352,6,0
sd_old,kv,val,0.1,1.1224,-0.2999,1.1396,1.3087,6,0
sd_old,kv,val,0.2,1.1026,-0.2189,1.1201,1.2016,6,0
sd_old,matmul,heldout,all,1.0771,-0.8212,1.2257,2.3058,6,0
sd_old,matmul,heldout,0.05,0.7500,0.5000,1.1902,1.0000,2,0
sd_old,matmul,heldout,0.1,1.3369,-2.3705,1.3382,4.1796,2,0
sd_old,matmul,heldout,0.2,1.2462,-0.5931,1.1562,2.9330,2,0
sd_old,sort,heldout,all,0.9998,0.0128,1.0012,0.9989,9,0
sd_old,sort,heldout,0.05,0.9981,0.0453,1.0037,0.9980,3,0
sd_old,sort,heldout,0.1,1.0000,0.0000,1.0000,0.9980,3,0
sd_old,sort,heldout,0.2,1.0012,-0.0068,1.0000,1.0007,3,0
sd_old,sort,test,all,1.0295,-0.0473,1.0174,1.0160,6,0
sd_old,sort,test,0.05,1.1150,-0.2913,1.0262,1.0837,2,0
sd_old,sort,test,0.1,0.9757,0.1692,1.0232,0.9693,2,0
sd_old,sort,test,0.2,1.0029,-0.0197,1.0029,0.9985,2,0
sd_old,sort,val,all,1.0300,-0.0573,1.0181,1.0094,6,0
sd_old,sort,val,0.05,1.1108,-0.3068,1.0316,1.0625,2,0
sd_old,sort,val,0.1,0.9800,0.1608,1.0208,0.9671,2,0
sd_old,sort,val,0.2,1.0037,-0.0258,1.0021,1.0008,2,0
