scope,group,features,protect_age,workload,split,fraction,geo_ratio_vs_clock,mean_gap_closed,geo_ratio_vs_lru,geo_writebacks_vs_clock,cells,censored
btree,F,rec+freq+wr,0,btree,heldout,0.05,0.8553,0.4607,0.8586,0.9737,5,0
btree,F,rec+freq+wr,0,btree,heldout,0.1,0.8483,0.4064,0.8526,0.9610,5,0
btree,F,rec+freq+wr,0,btree,heldout,0.2,0.8800,0.2615,0.8802,0.9520,5,0
btree,F,rec+freq+wr,0,btree,heldout,all,0.8611,0.3762,0.8637,0.9622,15,0
btree,F,rec+freq+wr,0,btree,test,0.05,0.8315,0.4279,0.8370,0.9598,4,0
btree,F,rec+freq+wr,0,btree,test,0.1,0.8333,0.3661,0.8346,0.9328,4,0
btree,F,rec+freq+wr,0,btree,test,0.2,0.9211,0.1573,0.9306,0.9054,4,0
btree,F,rec+freq+wr,0,btree,test,all,0.8610,0.3171,0.8663,0.9324,12,0
btree,F+K,rec+ref+aging+sfreq+idle+age+dirty,1,btree,heldout,0.05,0.8613,0.4415,0.8646,0.9717,5,0
btree,F+K,rec+ref+aging+sfreq+idle+age+dirty,1,btree,heldout,0.1,0.8505,0.4003,0.8549,0.9614,5,0
btree,F+K,rec+ref+aging+sfreq+idle+age+dirty,1,btree,heldout,0.2,0.8807,0.2600,0.8809,0.9569,5,0
btree,F+K,rec+ref+aging+sfreq+idle+age+dirty,1,btree,heldout,all,0.8641,0.3673,0.8667,0.9633,15,0
btree,F+K,rec+ref+aging+sfreq+idle+age+dirty,1,btree,test,0.05,0.8302,0.4311,0.8356,0.9569,4,0
btree,F+K,rec+ref+aging+sfreq+idle+age+dirty,1,btree,test,0.1,0.8114,0.4174,0.8126,0.9380,4,0
btree,F+K,rec+ref+aging+sfreq+idle+age+dirty,1,btree,test,0.2,0.8961,0.2072,0.9054,0.9442,4,0
btree,F+K,rec+ref+aging+sfreq+idle+age+dirty,1,btree,test,all,0.8451,0.3519,0.8503,0.9463,12,0
btree,K,ref+idle+age+dirty,0,btree,heldout,0.05,0.8963,0.3300,0.8998,0.9747,5,0
btree,K,ref+idle+age+dirty,0,btree,heldout,0.1,0.8924,0.2882,0.8969,0.9641,5,0
btree,K,ref+idle+age+dirty,0,btree,heldout,0.2,0.8892,0.2413,0.8895,0.9621,5,0
btree,K,ref+idle+age+dirty,0,btree,heldout,all,0.8926,0.2865,0.8954,0.9669,15,0
btree,K,ref+idle+age+dirty,0,btree,test,0.05,0.8571,0.3494,0.8627,1.1360,4,0
btree,K,ref+idle+age+dirty,0,btree,test,0.1,0.8040,0.4351,0.8052,0.9763,4,0
btree,K,ref+idle+age+dirty,0,btree,test,0.2,0.8979,0.2037,0.9072,1.0032,4,0
btree,K,ref+idle+age+dirty,0,btree,test,all,0.8521,0.3294,0.8574,1.0362,12,0
btree,K+K+,aging+idle+age+dirty+refaults,0,btree,heldout,0.05,0.8526,0.4694,0.8559,0.9718,5,0
btree,K+K+,aging+idle+age+dirty+refaults,0,btree,heldout,0.1,0.8537,0.3920,0.8580,0.9636,5,0
btree,K+K+,aging+idle+age+dirty+refaults,0,btree,heldout,0.2,0.8817,0.2578,0.8819,0.9589,5,0
btree,K+K+,aging+idle+age+dirty+refaults,0,btree,heldout,all,0.8625,0.3731,0.8652,0.9648,15,0
btree,K+K+,aging+idle+age+dirty+refaults,0,btree,test,0.05,0.8037,0.5007,0.8089,0.9644,4,0
btree,K+K+,aging+idle+age+dirty+refaults,0,btree,test,0.1,0.8035,0.4351,0.8047,0.9632,4,0
btree,K+K+,aging+idle+age+dirty+refaults,0,btree,test,0.2,0.8955,0.2084,0.9048,0.9724,4,0
btree,K+K+,aging+idle+age+dirty+refaults,0,btree,test,all,0.8331,0.3814,0.8382,0.9667,12,0
btree,any,aging+idle+age+dirty+refaults,0,btree,heldout,0.05,0.8526,0.4694,0.8559,0.9718,5,0
btree,any,aging+idle+age+dirty+refaults,0,btree,heldout,0.1,0.8537,0.3920,0.8580,0.9636,5,0
btree,any,aging+idle+age+dirty+refaults,0,btree,heldout,0.2,0.8817,0.2578,0.8819,0.9589,5,0
btree,any,aging+idle+age+dirty+refaults,0,btree,heldout,all,0.8625,0.3731,0.8652,0.9648,15,0
btree,any,aging+idle+age+dirty+refaults,0,btree,test,0.05,0.8037,0.5007,0.8089,0.9644,4,0
btree,any,aging+idle+age+dirty+refaults,0,btree,test,0.1,0.8035,0.4351,0.8047,0.9632,4,0
btree,any,aging+idle+age+dirty+refaults,0,btree,test,0.2,0.8955,0.2084,0.9048,0.9724,4,0
btree,any,aging+idle+age+dirty+refaults,0,btree,test,all,0.8331,0.3814,0.8382,0.9667,12,0
global,F,rec+freq+sd+wr,0,btree,heldout,0.05,0.9109,0.2838,0.9144,0.9893,5,0
global,F,rec+freq+sd+wr,0,btree,heldout,0.1,0.9252,0.2004,0.9299,0.9745,5,0
global,F,rec+freq+sd+wr,0,btree,heldout,0.2,0.9294,0.1539,0.9296,0.9677,5,0
global,F,rec+freq+sd+wr,0,btree,heldout,all,0.9218,0.2127,0.9246,0.9772,15,0
global,F,rec+freq+sd+wr,0,btree,test,0.05,0.8933,0.2718,0.8992,0.9878,4,0
global,F,rec+freq+sd+wr,0,btree,test,0.1,0.8861,0.2530,0.8874,0.9728,4,0
global,F,rec+freq+sd+wr,0,btree,test,0.2,0.9225,0.1548,0.9321,0.9581,4,0
global,F,rec+freq+sd+wr,0,btree,test,all,0.9005,0.2266,0.9060,0.9728,12,0
global,F,rec+freq+sd+wr,0,graph,heldout,0.05,0.9405,0.1139,0.9400,1.0500,3,0
global,F,rec+freq+sd+wr,0,graph,heldout,0.1,0.6829,0.5089,0.6835,0.6709,3,0
global,F,rec+freq+sd+wr,0,graph,heldout,0.2,0.9739,0.0692,0.9975,0.3008,3,0
global,F,rec+freq+sd+wr,0,graph,heldout,all,0.8552,0.2307,0.8622,0.5962,9,0
global,F,rec+freq+sd+wr,0,graph,test,0.05,0.9822,0.0297,0.9818,1.0006,3,0
global,F,rec+freq+sd+wr,0,graph,test,0.1,0.6790,0.5339,0.6956,0.3932,3,0
global,F,rec+freq+sd+wr,0,graph,test,0.2,0.9966,0.0237,1.0026,0.8825,3,0
global,F,rec+freq+sd+wr,0,graph,test,all,0.8727,0.1958,0.8814,0.7028,9,0
global,F,rec+freq+sd+wr,0,kv,heldout,0.05,0.8577,0.3713,0.8766,0.8575,5,0
global,F,rec+freq+sd+wr,0,kv,heldout,0.1,0.9165,0.2024,0.9326,0.9161,5,0
global,F,rec+freq+sd+wr,0,kv,heldout,0.2,0.9381,0.1318,0.9538,0.9372,5,0
global,F,rec+freq+sd+wr,0,kv,heldout,all,0.9035,0.2352,0.9204,0.9030,15,0
global,F,rec+freq+sd+wr,0,kv,test,0.05,0.8944,0.2695,0.9044,0.7605,6,0
global,F,rec+freq+sd+wr,0,kv,test,0.1,0.9188,0.1826,0.9323,0.9045,6,0
global,F,rec+freq+sd+wr,0,kv,test,0.2,0.9473,0.1098,0.9641,0.9632,6,0
global,F,rec+freq+sd+wr,0,kv,test,all,0.9199,0.1873,0.9333,0.8718,18,0
global,F,rec+freq+sd+wr,0,matmul,heldout,0.05,0.6114,0.7542,0.9702,1.0000,2,0
global,F,rec+freq+sd+wr,0,matmul,heldout,0.1,1.0048,-0.0355,1.0058,1.0081,2,0
global,F,rec+freq+sd+wr,0,matmul,heldout,0.2,1.0780,-0.1860,1.0001,1.0237,2,0
global,F,rec+freq+sd+wr,0,matmul,heldout,all,0.8716,0.1776,0.9919,1.0105,6,0
global,F,rec+freq+sd+wr,0,sort,heldout,0.05,0.9934,0.1601,0.9989,0.9990,3,0
global,F,rec+freq+sd+wr,0,sort,heldout,0.1,1.0000,0.0000,1.0000,0.9990,3,0
global,F,rec+freq+sd+wr,0,sort,heldout,0.2,1.0012,-0.0068,1.0000,1.0017,3,0
global,F,rec+freq+sd+wr,0,sort,heldout,all,0.9982,0.0511,0.9996,0.9999,9,0
global,F,rec+freq+sd+wr,0,sort,test,0.05,0.9485,0.4117,0.8730,0.9591,2,0
global,F,rec+freq+sd+wr,0,sort,test,0.1,0.9536,0.3501,1.0000,0.9693,2,0
global,F,rec+freq+sd+wr,0,sort,test,0.2,1.0000,0.0000,1.0000,0.9992,2,0
global,F,rec+freq+sd+wr,0,sort,test,all,0.9671,0.2539,0.9557,0.9757,6,0
global,F+K,rec+ref+aging+sfreq+idle+age+dirty,0,btree,heldout,0.05,0.9329,0.2135,0.9365,0.9778,5,0
global,F+K,rec+ref+aging+sfreq+idle+age+dirty,0,btree,heldout,0.1,0.9356,0.1726,0.9403,0.9666,5,0
global,F+K,rec+ref+aging+sfreq+idle+age+dirty,0,btree,heldout,0.2,0.9138,0.1878,0.9141,0.9624,5,0
global,F+K,rec+ref+aging+sfreq+idle+age+dirty,0,btree,heldout,all,0.9274,0.1913,0.9302,0.9689,15,0
global,F+K,rec+ref+aging+sfreq+idle+age+dirty,0,btree,test,0.05,0.9046,0.2424,0.9106,0.9728,4,0
global,F+K,rec+ref+aging+sfreq+idle+age+dirty,0,btree,test,0.1,0.8671,0.2953,0.8684,0.9564,4,0
global,F+K,rec+ref+aging+sfreq+idle+age+dirty,0,btree,test,0.2,0.9011,0.1972,0.9105,0.9505,4,0
global,F+K,rec+ref+aging+sfreq+idle+age+dirty,0,btree,test,all,0.8908,0.2450,0.8963,0.9598,12,0
global,F+K,rec+ref+aging+sfreq+idle+age+dirty,0,graph,heldout,0.05,1.0901,-0.1725,1.0896,1.0639,3,0
global,F+K,rec+ref+aging+sfreq+idle+age+dirty,0,graph,heldout,0.1,0.7875,0.3410,0.7882,0.5666,3,0
global,F+K,rec+ref+aging+sfreq+idle+age+dirty,0,graph,heldout,0.2,0.9916,0.0222,1.0157,0.2955,3,0
global,F+K,rec+ref+aging+sfreq+idle+age+dirty,0,graph,heldout,all,0.9478,0.0636,0.9555,0.5627,9,0
global,F+K,rec+ref+aging+sfreq+idle+age+dirty,0,graph,test,0.05,1.0914,-0.1555,1.0909,1.0846,3,0
global,F+K,rec+ref+aging+sfreq+idle+age+dirty,0,graph,test,0.1,0.6515,0.5717,0.6674,0.1413,3,0
global,F+K,rec+ref+aging+sfreq+idle+age+dirty,0,graph,test,0.2,0.9971,0.1210,1.0031,0.7874,3,0
global,F+K,rec+ref+aging+sfreq+idle+age+dirty,0,graph,test,all,0.8917,0.1791,0.9006,0.4941,9,0
global,F+K,rec+ref+aging+sfreq+idle+age+dirty,0,kv,heldout,0.05,0.8918,0.2824,0.9114,0.8916,5,0
global,F+K,rec+ref+aging+sfreq+idle+age+dirty,0,kv,heldout,0.1,0.9436,0.1367,0.9601,0.9433,5,0
global,F+K,rec+ref+aging+sfreq+idle+age+dirty,0,kv,heldout,0.2,0.9667,0.0710,0.9828,0.9662,5,0
global,F+K,rec+ref+aging+sfreq+idle+age+dirty,0,kv,heldout,all,0.9335,0.1634,0.9510,0.9332,15,0
global,F+K,rec+ref+aging+sfreq+idle+age+dirty,0,kv,test,0.05,0.9227,0.1949,0.9330,0.7670,6,0
global,F+K,rec+ref+aging+sfreq+idle+age+dirty,0,kv,test,0.1,0.9393,0.1328,0.9531,0.9067,6,0
global,F+K,rec+ref+aging+sfreq+idle+age+dirty,0,kv,test,0.2,0.9693,0.0636,0.9865,0.9622,6,0
global,F+K,rec+ref+aging+sfreq+idle+age+dirty,0,kv,test,all,0.9436,0.1304,0.9573,0.8747,18,0
global,F+K,rec+ref+aging+sfreq+idle+age+dirty,0,matmul,heldout,0.05,0.5072,0.9855,0.8049,1.0000,2,0
global,F+K,rec+ref+aging+sfreq+idle+age+dirty,0,matmul,heldout,0.1,0.9990,0.0072,1.0000,1.0000,2,0
global,F+K,rec+ref+aging+sfreq+idle+age+dirty,0,matmul,heldout,0.2,1.0779,-0.1857,1.0000,1.0236,2,0
global,F+K,rec+ref+aging+sfreq+idle+age+dirty,0,matmul,heldout,all,0.8174,0.2690,0.9302,1.0078,6,0
global,F+K,rec+ref+aging+sfreq+idle+age+dirty,0,sort,heldout,0.05,0.9944,0.1348,1.0000,0.9990,3,0
global,F+K,rec+ref+aging+sfreq+idle+age+dirty,0,sort,heldout,0.1,1.0000,0.0000,1.0000,1.0000,3,0
global,F+K,rec+ref+aging+sfreq+idle+age+dirty,0,sort,heldout,0.2,1.0012,-0.0068,1.0000,1.0040,3,0
global,F+K,rec+ref+aging+sfreq+idle+age+dirty,0,sort,heldout,all,0.9985,0.0427,1.0000,1.0010,9,0
global,F+K,rec+ref+aging+sfreq+idle+age+dirty,0,sort,test,0.05,0.8510,0.6640,0.7832,0.8846,2,0
global,F+K,rec+ref+aging+sfreq+idle+age+dirty,0,sort,test,0.1,0.9536,0.3501,1.0000,0.9693,2,0
global,F+K,rec+ref+aging+sfreq+idle+age+dirty,0,sort,test,0.2,1.0004,-0.0023,1.0004,1.0000,2,0
global,F+K,rec+ref+aging+sfreq+idle+age+dirty,0,sort,test,all,0.9329,0.3373,0.9219,0.9500,6,0
global,K,aging+idle+age,0,btree,heldout,0.05,0.9303,0.2219,0.9339,0.9755,5,0
global,K,aging+idle+age,0,btree,heldout,0.1,0.9323,0.1814,0.9371,0.9655,5,0
global,K,aging+idle+age,0,btree,heldout,0.2,0.9111,0.1937,0.9113,0.9631,5,0
global,K,aging+idle+age,0,btree,heldout,all,0.9245,0.1990,0.9274,0.9680,15,0
global,K,aging+idle+age,0,btree,test,0.05,0.8975,0.2612,0.9034,0.9653,4,0
global,K,aging+idle+age,0,btree,test,0.1,0.8612,0.3088,0.8624,0.9483,4,0
global,K,aging+idle+age,0,btree,test,0.2,0.9032,0.1931,0.9126,0.9410,4,0
global,K,aging+idle+age,0,btree,test,all,0.8871,0.2544,0.8925,0.9515,12,0
global,K,aging+idle+age,0,graph,heldout,0.05,0.9641,0.0688,0.9636,0.8800,3,0
global,K,aging+idle+age,0,graph,heldout,0.1,0.5774,0.6782,0.5779,0.2354,3,0
global,K,aging+idle+age,0,graph,heldout,0.2,0.9735,0.0703,0.9971,0.3068,3,0
global,K,aging+idle+age,0,graph,heldout,all,0.8153,0.2724,0.8219,0.3991,9,0
global,K,aging+idle+age,0,graph,test,0.05,0.9813,0.0317,0.9808,0.9849,3,0
global,K,aging+idle+age,0,graph,test,0.1,0.6297,0.6119,0.6450,0.2089,3,0
global,K,aging+idle+age,0,graph,test,0.2,0.9971,0.0222,1.0032,0.8845,3,0
global,K,aging+idle+age,0,graph,test,all,0.8509,0.2219,0.8594,0.5667,9,0
global,K,aging+idle+age,0,kv,heldout,0.05,0.8793,0.3149,0.8986,0.8792,5,0
global,K,aging+idle+age,0,kv,heldout,0.1,0.9304,0.1688,0.9467,0.9300,5,0
global,K,aging+idle+age,0,kv,heldout,0.2,0.9499,0.1066,0.9658,0.9492,5,0
global,K,aging+idle+age,0,kv,heldout,all,0.9194,0.1968,0.9366,0.9190,15,0
global,K,aging+idle+age,0,kv,test,0.05,0.9002,0.2519,0.9102,0.7444,6,0
global,K,aging+idle+age,0,kv,test,0.1,0.9155,0.1843,0.9289,0.8819,6,0
global,K,aging+idle+age,0,kv,test,0.2,0.9465,0.1111,0.9633,0.9361,6,0
global,K,aging+idle+age,0,kv,test,all,0.9205,0.1824,0.9339,0.8502,18,0
global,K,aging+idle+age,0,matmul,heldout,0.05,0.5001,1.0000,0.7936,1.0000,2,0
global,K,aging+idle+age,0,matmul,heldout,0.1,0.9990,0.0072,1.0000,1.0000,2,0
global,K,aging+idle+age,0,matmul,heldout,0.2,1.0779,-0.1857,1.0000,1.0236,2,0
global,K,aging+idle+age,0,matmul,heldout,all,0.8136,0.2738,0.9258,1.0078,6,0
global,K,aging+idle+age,0,sort,heldout,0.05,0.9943,0.1393,0.9998,0.9990,3,0
global,K,aging+idle+age,0,sort,heldout,0.1,1.0000,0.0000,1.0000,0.9983,3,0
global,K,aging+idle+age,0,sort,heldout,0.2,1.0012,-0.0068,1.0000,1.0020,3,0
global,K,aging+idle+age,0,sort,heldout,all,0.9985,0.0442,0.9999,0.9998,9,0
global,K,aging+idle+age,0,sort,test,0.05,1.0994,-0.1177,1.0119,1.1004,2,0
global,K,aging+idle+age,0,sort,test,0.1,0.9614,0.2927,1.0082,0.9844,2,0
global,K,aging+idle+age,0,sort,test,0.2,1.0004,-0.0023,1.0004,0.9992,2,0
global,K,aging+idle+age,0,sort,test,all,1.0188,0.0576,1.0068,1.0268,6,0
global,K+K+,idle+dirty+refaults+rdist,4,btree,heldout,0.05,0.8824,0.3743,0.8858,0.9920,5,0
global,K+K+,idle+dirty+refaults+rdist,4,btree,heldout,0.1,0.8936,0.2849,0.8982,0.9836,5,0
global,K+K+,idle+dirty+refaults+rdist,4,btree,heldout,0.2,0.9197,0.1751,0.9199,0.9940,5,0
global,K+K+,idle+dirty+refaults+rdist,4,btree,heldout,all,0.8984,0.2781,0.9012,0.9899,15,0
global,K+K+,idle+dirty+refaults+rdist,4,btree,test,0.05,0.8489,0.3866,0.8545,0.9778,4,0
global,K+K+,idle+dirty+refaults+rdist,4,btree,test,0.1,0.8411,0.3526,0.8424,0.9509,4,0
global,K+K+,idle+dirty+refaults+rdist,4,btree,test,0.2,0.9042,0.1905,0.9136,0.9150,4,0
global,K+K+,idle+dirty+refaults+rdist,4,btree,test,all,0.8643,0.3099,0.8696,0.9475,12,0
global,K+K+,idle+dirty+refaults+rdist,4,graph,heldout,0.05,0.9813,0.0357,0.9809,0.9574,3,0
global,K+K+,idle+dirty+refaults+rdist,4,graph,heldout,0.1,0.5149,0.7786,0.5153,0.3325,3,0
global,K+K+,idle+dirty+refaults+rdist,4,graph,heldout,0.2,0.9820,0.0477,1.0058,0.4186,3,0
global,K+K+,idle+dirty+refaults+rdist,4,graph,heldout,all,0.7917,0.2873,0.7981,0.5108,9,0
global,K+K+,idle+dirty+refaults+rdist,4,graph,test,0.05,0.9828,0.0290,0.9824,0.9964,3,0
global,K+K+,idle+dirty+refaults+rdist,4,graph,test,0.1,0.6599,0.5599,0.6760,0.2217,3,0
global,K+K+,idle+dirty+refaults+rdist,4,graph,test,0.2,1.0292,-0.2610,1.0354,1.0715,3,0
global,K+K+,idle+dirty+refaults+rdist,4,graph,test,all,0.8739,0.1093,0.8826,0.6186,9,0
global,K+K+,idle+dirty+refaults+rdist,4,kv,heldout,0.05,0.8313,0.4402,0.8496,0.8310,5,0
global,K+K+,idle+dirty+refaults+rdist,4,kv,heldout,0.1,0.9004,0.2415,0.9162,0.8999,5,0
global,K+K+,idle+dirty+refaults+rdist,4,kv,heldout,0.2,0.9770,0.0490,0.9933,0.9766,5,0
global,K+K+,idle+dirty+refaults+rdist,4,kv,heldout,all,0.9009,0.2436,0.9178,0.9006,15,0
global,K+K+,idle+dirty+refaults+rdist,4,kv,test,0.05,0.8640,0.3534,0.8736,0.7664,6,0
global,K+K+,idle+dirty+refaults+rdist,4,kv,test,0.1,0.8922,0.2392,0.9052,0.8812,6,0
global,K+K+,idle+dirty+refaults+rdist,4,kv,test,0.2,0.9715,0.0607,0.9887,0.9458,6,0
global,K+K+,idle+dirty+refaults+rdist,4,kv,test,all,0.9081,0.2177,0.9213,0.8612,18,0
global,K+K+,idle+dirty+refaults+rdist,4,matmul,heldout,0.05,0.6401,0.7192,1.0158,1.0000,2,0
global,K+K+,idle+dirty+refaults+rdist,4,matmul,heldout,0.1,1.3377,-2.3777,1.3390,4.1873,2,0
global,K+K+,idle+dirty+refaults+rdist,4,matmul,heldout,0.2,1.0560,-0.1449,0.9797,1.5708,2,0
global,K+K+,idle+dirty+refaults+rdist,4,matmul,heldout,all,0.9670,-0.6011,1.1004,1.8736,6,0
global,K+K+,idle+dirty+refaults+rdist,4,sort,heldout,0.05,0.9976,0.0584,1.0032,0.9990,3,0
global,K+K+,idle+dirty+refaults+rdist,4,sort,heldout,0.1,0.9847,0.1871,0.9847,0.9837,3,0
global,K+K+,idle+dirty+refaults+rdist,4,sort,heldout,0.2,0.9164,0.4597,0.9153,0.9233,3,0
global,K+K+,idle+dirty+refaults+rdist,4,sort,heldout,all,0.9656,0.2351,0.9670,0.9681,9,0
global,K+K+,idle+dirty+refaults+rdist,4,sort,test,0.05,1.0815,-0.0563,0.9954,1.0803,2,0
global,K+K+,idle+dirty+refaults+rdist,4,sort,test,0.1,0.9669,0.2671,1.0139,0.9777,2,0
global,K+K+,idle+dirty+refaults+rdist,4,sort,test,0.2,0.9704,0.1758,0.9704,0.9741,2,0
global,K+K+,idle+dirty+refaults+rdist,4,sort,test,all,1.0049,0.1289,0.9931,1.0095,6,0
global,any,idle+dirty+refaults+rdist,4,btree,heldout,0.05,0.8824,0.3743,0.8858,0.9920,5,0
global,any,idle+dirty+refaults+rdist,4,btree,heldout,0.1,0.8936,0.2849,0.8982,0.9836,5,0
global,any,idle+dirty+refaults+rdist,4,btree,heldout,0.2,0.9197,0.1751,0.9199,0.9940,5,0
global,any,idle+dirty+refaults+rdist,4,btree,heldout,all,0.8984,0.2781,0.9012,0.9899,15,0
global,any,idle+dirty+refaults+rdist,4,btree,test,0.05,0.8489,0.3866,0.8545,0.9778,4,0
global,any,idle+dirty+refaults+rdist,4,btree,test,0.1,0.8411,0.3526,0.8424,0.9509,4,0
global,any,idle+dirty+refaults+rdist,4,btree,test,0.2,0.9042,0.1905,0.9136,0.9150,4,0
global,any,idle+dirty+refaults+rdist,4,btree,test,all,0.8643,0.3099,0.8696,0.9475,12,0
global,any,idle+dirty+refaults+rdist,4,graph,heldout,0.05,0.9813,0.0357,0.9809,0.9574,3,0
global,any,idle+dirty+refaults+rdist,4,graph,heldout,0.1,0.5149,0.7786,0.5153,0.3325,3,0
global,any,idle+dirty+refaults+rdist,4,graph,heldout,0.2,0.9820,0.0477,1.0058,0.4186,3,0
global,any,idle+dirty+refaults+rdist,4,graph,heldout,all,0.7917,0.2873,0.7981,0.5108,9,0
global,any,idle+dirty+refaults+rdist,4,graph,test,0.05,0.9828,0.0290,0.9824,0.9964,3,0
global,any,idle+dirty+refaults+rdist,4,graph,test,0.1,0.6599,0.5599,0.6760,0.2217,3,0
global,any,idle+dirty+refaults+rdist,4,graph,test,0.2,1.0292,-0.2610,1.0354,1.0715,3,0
global,any,idle+dirty+refaults+rdist,4,graph,test,all,0.8739,0.1093,0.8826,0.6186,9,0
global,any,idle+dirty+refaults+rdist,4,kv,heldout,0.05,0.8313,0.4402,0.8496,0.8310,5,0
global,any,idle+dirty+refaults+rdist,4,kv,heldout,0.1,0.9004,0.2415,0.9162,0.8999,5,0
global,any,idle+dirty+refaults+rdist,4,kv,heldout,0.2,0.9770,0.0490,0.9933,0.9766,5,0
global,any,idle+dirty+refaults+rdist,4,kv,heldout,all,0.9009,0.2436,0.9178,0.9006,15,0
global,any,idle+dirty+refaults+rdist,4,kv,test,0.05,0.8640,0.3534,0.8736,0.7664,6,0
global,any,idle+dirty+refaults+rdist,4,kv,test,0.1,0.8922,0.2392,0.9052,0.8812,6,0
global,any,idle+dirty+refaults+rdist,4,kv,test,0.2,0.9715,0.0607,0.9887,0.9458,6,0
global,any,idle+dirty+refaults+rdist,4,kv,test,all,0.9081,0.2177,0.9213,0.8612,18,0
global,any,idle+dirty+refaults+rdist,4,matmul,heldout,0.05,0.6401,0.7192,1.0158,1.0000,2,0
global,any,idle+dirty+refaults+rdist,4,matmul,heldout,0.1,1.3377,-2.3777,1.3390,4.1873,2,0
global,any,idle+dirty+refaults+rdist,4,matmul,heldout,0.2,1.0560,-0.1449,0.9797,1.5708,2,0
global,any,idle+dirty+refaults+rdist,4,matmul,heldout,all,0.9670,-0.6011,1.1004,1.8736,6,0
global,any,idle+dirty+refaults+rdist,4,sort,heldout,0.05,0.9976,0.0584,1.0032,0.9990,3,0
global,any,idle+dirty+refaults+rdist,4,sort,heldout,0.1,0.9847,0.1871,0.9847,0.9837,3,0
global,any,idle+dirty+refaults+rdist,4,sort,heldout,0.2,0.9164,0.4597,0.9153,0.9233,3,0
global,any,idle+dirty+refaults+rdist,4,sort,heldout,all,0.9656,0.2351,0.9670,0.9681,9,0
global,any,idle+dirty+refaults+rdist,4,sort,test,0.05,1.0815,-0.0563,0.9954,1.0803,2,0
global,any,idle+dirty+refaults+rdist,4,sort,test,0.1,0.9669,0.2671,1.0139,0.9777,2,0
global,any,idle+dirty+refaults+rdist,4,sort,test,0.2,0.9704,0.1758,0.9704,0.9741,2,0
global,any,idle+dirty+refaults+rdist,4,sort,test,all,1.0049,0.1289,0.9931,1.0095,6,0
graph,F,rec+freq,4,graph,heldout,0.05,0.9381,0.1184,0.9376,1.1324,3,0
graph,F,rec+freq,4,graph,heldout,0.1,0.5284,0.7569,0.5289,0.5102,3,0
graph,F,rec+freq,4,graph,heldout,0.2,0.9807,0.0512,1.0045,0.4042,3,0
graph,F,rec+freq,4,graph,heldout,all,0.7863,0.3088,0.7927,0.6158,9,0
graph,F,rec+freq,4,graph,test,0.05,1.0064,-0.0121,1.0060,1.0060,3,0
graph,F,rec+freq,4,graph,test,0.1,0.6230,0.6230,0.6381,0.1918,3,0
graph,F,rec+freq,4,graph,test,0.2,0.9984,0.0412,1.0045,0.9999,3,0
graph,F,rec+freq,4,graph,test,all,0.8554,0.2174,0.8639,0.5778,9,0
graph,F+K,rec+ref+aging+sfreq+idle+age+dirty,4,graph,heldout,0.05,0.9207,0.1518,0.9202,0.6746,3,0
graph,F+K,rec+ref+aging+sfreq+idle+age+dirty,4,graph,heldout,0.1,0.5024,0.7986,0.5028,0.1163,3,0
graph,F+K,rec+ref+aging+sfreq+idle+age+dirty,4,graph,heldout,0.2,0.9750,0.0663,0.9987,0.2955,3,0
graph,F+K,rec+ref+aging+sfreq+idle+age+dirty,4,graph,heldout,all,0.7669,0.3389,0.7731,0.2852,9,0
graph,F+K,rec+ref+aging+sfreq+idle+age+dirty,4,graph,test,0.05,1.0590,-0.1037,1.0585,0.9590,3,0
graph,F+K,rec+ref+aging+sfreq+idle+age+dirty,4,graph,test,0.1,0.5990,0.6614,0.6137,0.1017,3,0
graph,F+K,rec+ref+aging+sfreq+idle+age+dirty,4,graph,test,0.2,0.9867,0.1166,0.9926,0.7664,3,0
graph,F+K,rec+ref+aging+sfreq+idle+age+dirty,4,graph,test,all,0.8554,0.2248,0.8639,0.4212,9,0
graph,K,sfreq+idle+dirty,4,graph,heldout,0.05,0.9405,0.1138,0.9401,0.7177,3,0
graph,K,sfreq+idle+dirty,4,graph,heldout,0.1,0.5692,0.6915,0.5696,0.1637,3,0
graph,K,sfreq+idle+dirty,4,graph,heldout,0.2,0.9750,0.0663,0.9987,0.2955,3,0
graph,K,sfreq+idle+dirty,4,graph,heldout,all,0.8051,0.2905,0.8117,0.3262,9,0
graph,K,sfreq+idle+dirty,4,graph,test,0.05,1.0297,-0.0528,1.0293,0.9667,3,0
graph,K,sfreq+idle+dirty,4,graph,test,0.1,0.6495,0.5740,0.6653,0.1000,3,0
graph,K,sfreq+idle+dirty,4,graph,test,0.2,0.9873,0.1094,0.9933,0.7642,3,0
graph,K,sfreq+idle+dirty,4,graph,test,all,0.8708,0.2102,0.8795,0.4196,9,0
graph,K+K+,sfreq+idle+dirty+rdist,4,graph,heldout,0.05,0.9315,0.1312,0.9310,0.7376,3,0
graph,K+K+,sfreq+idle+dirty+rdist,4,graph,heldout,0.1,0.5602,0.7059,0.5607,0.1763,3,0
graph,K+K+,sfreq+idle+dirty+rdist,4,graph,heldout,0.2,0.9756,0.0646,0.9993,0.2955,3,0
graph,K+K+,sfreq+idle+dirty+rdist,4,graph,heldout,all,0.7985,0.3005,0.8050,0.3375,9,0
graph,K+K+,sfreq+idle+dirty+rdist,4,graph,test,0.05,0.9787,0.0355,0.9783,0.9690,3,0
graph,K+K+,sfreq+idle+dirty+rdist,4,graph,test,0.1,0.6243,0.6194,0.6395,0.0994,3,0
graph,K+K+,sfreq+idle+dirty+rdist,4,graph,test,0.2,0.9858,0.1270,0.9918,0.7586,3,0
graph,K+K+,sfreq+idle+dirty+rdist,4,graph,test,all,0.8445,0.2606,0.8529,0.4180,9,0
graph,any,rec+ref+aging+sfreq+idle+age+dirty,4,graph,heldout,0.05,0.9207,0.1518,0.9202,0.6746,3,0
graph,any,rec+ref+aging+sfreq+idle+age+dirty,4,graph,heldout,0.1,0.5024,0.7986,0.5028,0.1163,3,0
graph,any,rec+ref+aging+sfreq+idle+age+dirty,4,graph,heldout,0.2,0.9750,0.0663,0.9987,0.2955,3,0
graph,any,rec+ref+aging+sfreq+idle+age+dirty,4,graph,heldout,all,0.7669,0.3389,0.7731,0.2852,9,0
graph,any,rec+ref+aging+sfreq+idle+age+dirty,4,graph,test,0.05,1.0590,-0.1037,1.0585,0.9590,3,0
graph,any,rec+ref+aging+sfreq+idle+age+dirty,4,graph,test,0.1,0.5990,0.6614,0.6137,0.1017,3,0
graph,any,rec+ref+aging+sfreq+idle+age+dirty,4,graph,test,0.2,0.9867,0.1166,0.9926,0.7664,3,0
graph,any,rec+ref+aging+sfreq+idle+age+dirty,4,graph,test,all,0.8554,0.2248,0.8639,0.4212,9,0
kv,F,rec+freq+sd+wr,2,kv,heldout,0.05,0.8353,0.4299,0.8536,0.8350,5,0
kv,F,rec+freq+sd+wr,2,kv,heldout,0.1,0.9059,0.2281,0.9218,0.9054,5,0
kv,F,rec+freq+sd+wr,2,kv,heldout,0.2,0.9332,0.1421,0.9488,0.9323,5,0
kv,F,rec+freq+sd+wr,2,kv,heldout,all,0.8905,0.2667,0.9072,0.8899,15,0
kv,F,rec+freq+sd+wr,2,kv,test,0.05,0.8706,0.3283,0.8804,0.7369,6,0
kv,F,rec+freq+sd+wr,2,kv,test,0.1,0.9106,0.2015,0.9239,0.8929,6,0
kv,F,rec+freq+sd+wr,2,kv,test,0.2,0.9520,0.1005,0.9689,0.9539,6,0
kv,F,rec+freq+sd+wr,2,kv,test,all,0.9105,0.2101,0.9237,0.8562,18,0
kv,F+K,freq+wr+ref+aging+sfreq+idle+age+dirty,2,kv,heldout,0.05,0.8627,0.3581,0.8817,0.8625,5,0
kv,F+K,freq+wr+ref+aging+sfreq+idle+age+dirty,2,kv,heldout,0.1,0.9369,0.1529,0.9534,0.9366,5,0
kv,F+K,freq+wr+ref+aging+sfreq+idle+age+dirty,2,kv,heldout,0.2,0.9690,0.0659,0.9852,0.9686,5,0
kv,F+K,freq+wr+ref+aging+sfreq+idle+age+dirty,2,kv,heldout,all,0.9218,0.1923,0.9391,0.9215,15,0
kv,F+K,freq+wr+ref+aging+sfreq+idle+age+dirty,2,kv,test,0.05,0.8844,0.2879,0.8943,0.7513,6,0
kv,F+K,freq+wr+ref+aging+sfreq+idle+age+dirty,2,kv,test,0.1,0.9371,0.1417,0.9508,0.9206,6,0
kv,F+K,freq+wr+ref+aging+sfreq+idle+age+dirty,2,kv,test,0.2,0.9930,0.0159,1.0107,0.9869,6,0
kv,F+K,freq+wr+ref+aging+sfreq+idle+age+dirty,2,kv,test,all,0.9371,0.1485,0.9507,0.8805,18,0
kv,K,ref+aging+idle+age,4,kv,heldout,0.05,0.8693,0.3410,0.8884,0.8691,5,0
kv,K,ref+aging+idle+age,4,kv,heldout,0.1,0.9261,0.1793,0.9423,0.9257,5,0
kv,K,ref+aging+idle+age,4,kv,heldout,0.2,0.9551,0.0956,0.9711,0.9545,5,0
kv,K,ref+aging+idle+age,4,kv,heldout,all,0.9161,0.2053,0.9333,0.9157,15,0
kv,K,ref+aging+idle+age,4,kv,test,0.05,0.8901,0.2778,0.9001,0.7368,6,0
kv,K,ref+aging+idle+age,4,kv,test,0.1,0.9099,0.1978,0.9232,0.8745,6,0
kv,K,ref+aging+idle+age,4,kv,test,0.2,0.9538,0.0965,0.9707,0.9273,6,0
kv,K,ref+aging+idle+age,4,kv,test,all,0.9175,0.1907,0.9309,0.8423,18,0
kv,K+K+,aging+idle+dirty+refaults+rdist,2,kv,heldout,0.05,0.8413,0.4142,0.8598,0.8410,5,0
kv,K+K+,aging+idle+dirty+refaults+rdist,2,kv,heldout,0.1,0.9071,0.2254,0.9229,0.9066,5,0
kv,K+K+,aging+idle+dirty+refaults+rdist,2,kv,heldout,0.2,0.9699,0.0640,0.9861,0.9695,5,0
kv,K+K+,aging+idle+dirty+refaults+rdist,2,kv,heldout,all,0.9046,0.2345,0.9215,0.9042,15,0
kv,K+K+,aging+idle+dirty+refaults+rdist,2,kv,test,0.05,0.8669,0.3446,0.8766,0.7180,6,0
kv,K+K+,aging+idle+dirty+refaults+rdist,2,kv,test,0.1,0.8899,0.2428,0.9029,0.8461,6,0
kv,K+K+,aging+idle+dirty+refaults+rdist,2,kv,test,0.2,0.9602,0.0834,0.9772,0.9029,6,0
kv,K+K+,aging+idle+dirty+refaults+rdist,2,kv,test,all,0.9048,0.2236,0.9179,0.8186,18,0
kv,any,aging+idle+dirty+refaults+rdist,2,kv,heldout,0.05,0.8413,0.4142,0.8598,0.8410,5,0
kv,any,aging+idle+dirty+refaults+rdist,2,kv,heldout,0.1,0.9071,0.2254,0.9229,0.9066,5,0
kv,any,aging+idle+dirty+refaults+rdist,2,kv,heldout,0.2,0.9699,0.0640,0.9861,0.9695,5,0
kv,any,aging+idle+dirty+refaults+rdist,2,kv,heldout,all,0.9046,0.2345,0.9215,0.9042,15,0
kv,any,aging+idle+dirty+refaults+rdist,2,kv,test,0.05,0.8669,0.3446,0.8766,0.7180,6,0
kv,any,aging+idle+dirty+refaults+rdist,2,kv,test,0.1,0.8899,0.2428,0.9029,0.8461,6,0
kv,any,aging+idle+dirty+refaults+rdist,2,kv,test,0.2,0.9602,0.0834,0.9772,0.9029,6,0
kv,any,aging+idle+dirty+refaults+rdist,2,kv,test,all,0.9048,0.2236,0.9179,0.8186,18,0
matmul,F,rec+wr,0,matmul,heldout,0.05,0.5165,0.9667,0.8197,1.0000,2,0
matmul,F,rec+wr,0,matmul,heldout,0.1,1.0008,-0.0063,1.0018,1.0000,2,0
matmul,F,rec+wr,0,matmul,heldout,0.2,1.0779,-0.1857,1.0000,1.0236,2,0
matmul,F,rec+wr,0,matmul,heldout,all,0.8229,0.2582,0.9364,1.0078,6,0
matmul,F+K,sd+ref+aging+sfreq+idle+age+dirty,0,matmul,heldout,0.05,0.5022,0.9958,0.7969,1.0000,2,0
matmul,F+K,sd+ref+aging+sfreq+idle+age+dirty,0,matmul,heldout,0.1,0.9724,0.1397,0.9733,1.1913,2,0
matmul,F+K,sd+ref+aging+sfreq+idle+age+dirty,0,matmul,heldout,0.2,0.8683,0.1990,0.8056,1.0718,2,0
matmul,F+K,sd+ref+aging+sfreq+idle+age+dirty,0,matmul,heldout,all,0.7512,0.4448,0.8549,1.0849,6,0
matmul,K,ref+aging+idle+dirty,0,matmul,heldout,0.05,0.6064,0.7647,0.9623,1.0000,2,0
matmul,K,ref+aging+idle+dirty,0,matmul,heldout,0.1,0.9990,0.0072,1.0000,1.0000,2,0
matmul,K,ref+aging+idle+dirty,0,matmul,heldout,0.2,0.8124,0.4105,0.7537,1.0236,2,0
matmul,K,ref+aging+idle+dirty,0,matmul,heldout,all,0.7895,0.3941,0.8985,1.0078,6,0
matmul,K+K+,aging+idle+dirty+refaults+rdist,0,matmul,heldout,0.05,0.5002,0.9996,0.7938,1.0000,2,0
matmul,K+K+,aging+idle+dirty+refaults+rdist,0,matmul,heldout,0.1,0.9132,0.5198,0.9141,1.1216,2,0
matmul,K+K+,aging+idle+dirty+refaults+rdist,0,matmul,heldout,0.2,0.6922,0.6827,0.6422,0.2541,2,0
matmul,K+K+,aging+idle+dirty+refaults+rdist,0,matmul,heldout,all,0.6813,0.7341,0.7753,0.6581,6,0
matmul,any,aging+idle+dirty+refaults+rdist,0,matmul,heldout,0.05,0.5002,0.9996,0.7938,1.0000,2,0
matmul,any,aging+idle+dirty+refaults+rdist,0,matmul,heldout,0.1,0.9132,0.5198,0.9141,1.1216,2,0
matmul,any,aging+idle+dirty+refaults+rdist,0,matmul,heldout,0.2,0.6922,0.6827,0.6422,0.2541,2,0
matmul,any,aging+idle+dirty+refaults+rdist,0,matmul,heldout,all,0.6813,0.7341,0.7753,0.6581,6,0
sort,F,rec+freq+sd,2,sort,heldout,0.05,0.9944,0.1348,1.0000,0.9990,3,0
sort,F,rec+freq+sd,2,sort,heldout,0.1,1.0000,0.0000,1.0000,0.9980,3,0
sort,F,rec+freq+sd,2,sort,heldout,0.2,1.0012,-0.0068,1.0000,1.0017,3,0
sort,F,rec+freq+sd,2,sort,heldout,all,0.9985,0.0427,1.0000,0.9996,9,0
sort,F,rec+freq+sd,2,sort,test,0.05,1.0851,-0.0013,0.9987,1.0802,2,0
sort,F,rec+freq+sd,2,sort,test,0.1,0.9536,0.3501,1.0000,0.9693,2,0
sort,F,rec+freq+sd,2,sort,test,0.2,1.0000,0.0000,1.0000,0.9985,2,0
sort,F,rec+freq+sd,2,sort,test,all,1.0114,0.1163,0.9996,1.0149,6,0
sort,F+K,rec+sd+ref+aging+sfreq+idle+age+dirty+refaults+rdist,2,sort,heldout,0.05,0.9970,0.0708,1.0026,0.9990,3,0
sort,F+K,rec+sd+ref+aging+sfreq+idle+age+dirty+refaults+rdist,2,sort,heldout,0.1,1.0049,-0.0602,1.0049,0.9970,3,0
sort,F+K,rec+sd+ref+aging+sfreq+idle+age+dirty+refaults+rdist,2,sort,heldout,0.2,1.0014,-0.0078,1.0002,1.0017,3,0
sort,F+K,rec+sd+ref+aging+sfreq+idle+age+dirty+refaults+rdist,2,sort,heldout,all,1.0011,0.0009,1.0026,0.9992,9,0
sort,F+K,rec+sd+ref+aging+sfreq+idle+age+dirty+refaults+rdist,2,sort,test,0.05,0.8876,0.5778,0.8170,1.0312,2,0
sort,F+K,rec+sd+ref+aging+sfreq+idle+age+dirty+refaults+rdist,2,sort,test,0.1,0.9551,0.3289,1.0016,0.9693,2,0
sort,F+K,rec+sd+ref+aging+sfreq+idle+age+dirty+refaults+rdist,2,sort,test,0.2,1.0029,-0.0197,1.0029,1.0008,2,0
sort,F+K,rec+sd+ref+aging+sfreq+idle+age+dirty+refaults+rdist,2,sort,test,all,0.9473,0.2957,0.9362,1.0001,6,0
sort,K,aging,0,sort,heldout,0.05,0.9943,0.1393,0.9998,0.9990,3,0
sort,K,aging,0,sort,heldout,0.1,1.0000,0.0000,1.0000,0.9980,3,0
sort,K,aging,0,sort,heldout,0.2,1.0012,-0.0068,1.0000,1.0007,3,0
sort,K,aging,0,sort,heldout,all,0.9985,0.0442,0.9999,0.9992,9,0
sort,K,aging,0,sort,test,0.05,1.0812,0.0087,0.9952,1.0765,2,0
sort,K,aging,0,sort,test,0.1,0.9559,0.3329,1.0025,0.9693,2,0
sort,K,aging,0,sort,test,0.2,1.0000,0.0000,1.0000,0.9985,2,0
sort,K,aging,0,sort,test,all,1.0111,0.1139,0.9992,1.0138,6,0
sort,K+K+,ref+dirty+refaults+rdist,4,sort,heldout,0.05,0.9936,0.1561,0.9991,0.9940,3,0
sort,K+K+,ref+dirty+refaults+rdist,4,sort,heldout,0.1,0.9514,0.5935,0.9514,0.9546,3,0
sort,K+K+,ref+dirty+refaults+rdist,4,sort,heldout,0.2,0.8586,0.7779,0.8575,0.8610,3,0
sort,K+K+,ref+dirty+refaults+rdist,4,sort,heldout,all,0.9328,0.5092,0.9342,0.9348,9,0
sort,K+K+,ref+dirty+refaults+rdist,4,sort,test,0.05,1.0985,-0.1123,1.0110,1.0889,2,0
sort,K+K+,ref+dirty+refaults+rdist,4,sort,test,0.1,0.9496,0.4722,0.9958,0.9644,2,0
sort,K+K+,ref+dirty+refaults+rdist,4,sort,test,0.2,0.9116,0.5409,0.9116,0.9163,2,0
sort,K+K+,ref+dirty+refaults+rdist,4,sort,test,all,0.9834,0.3003,0.9718,0.9872,6,0
sort,any,freq+sd+ref+aging+sfreq+idle+age+dirty+refaults+rdist,0,sort,heldout,0.05,0.9906,0.2282,0.9961,0.9947,3,0
sort,any,freq+sd+ref+aging+sfreq+idle+age+dirty+refaults+rdist,0,sort,heldout,0.1,0.9637,0.4430,0.9637,0.9686,3,0
sort,any,freq+sd+ref+aging+sfreq+idle+age+dirty+refaults+rdist,0,sort,heldout,0.2,0.8965,0.5694,0.8954,0.9179,3,0
sort,any,freq+sd+ref+aging+sfreq+idle+age+dirty+refaults+rdist,0,sort,heldout,all,0.9494,0.4135,0.9508,0.9599,9,0
sort,any,freq+sd+ref+aging+sfreq+idle+age+dirty+refaults+rdist,0,sort,test,0.05,1.0853,-0.0021,0.9989,1.0818,2,0
sort,any,freq+sd+ref+aging+sfreq+idle+age+dirty+refaults+rdist,0,sort,test,0.1,0.9411,0.5208,0.9869,0.9591,2,0
sort,any,freq+sd+ref+aging+sfreq+idle+age+dirty+refaults+rdist,0,sort,test,0.2,0.9270,0.4520,0.9270,0.9549,2,0
sort,any,freq+sd+ref+aging+sfreq+idle+age+dirty+refaults+rdist,0,sort,test,all,0.9820,0.3236,0.9704,0.9969,6,0
