policy,workload,runs,median_kernel_over_sim,min,max
aging,btree,9,1.0000,1.0000,1.0000
aging,graph,6,0.9871,0.4531,0.9889
aging,kv,11,1.0226,1.0098,1.0601
aging,matmul,2,1.0002,1.0000,1.0005
aging,sort,5,1.0074,1.0074,1.0180
clock,btree,9,0.9996,0.9964,1.0004
clock,graph,6,0.9777,0.4257,0.9799
clock,kv,11,1.0235,1.0085,1.0391
clock,matmul,2,1.0000,1.0000,1.0000
clock,sort,5,1.0090,0.9520,1.0142
fifo,btree,9,1.0183,1.0097,1.0225
fifo,graph,6,0.9982,0.8544,0.9995
fifo,kv,11,1.1440,1.0996,1.1490
fifo,matmul,2,1.3607,1.3324,1.3889
fifo,sort,5,1.2006,1.2006,1.4114
lfu,btree,9,1.0045,1.0023,1.0055
lfu,graph,6,0.9871,0.8323,0.9885
lfu,kv,11,1.0394,1.0280,1.0834
lfu,matmul,2,1.0002,1.0000,1.0005
lfu,sort,5,1.0153,1.0153,1.0181
ml/global,btree,9,1.0001,0.9973,1.0026
ml/global,graph,6,1.0299,1.0150,1.2339
ml/global,kv,11,1.0009,0.9924,1.0209
ml/global,matmul,2,0.8335,0.8146,0.8524
ml/global,sort,5,1.0000,0.9904,1.0024
ml/workload,btree,9,1.0006,1.0000,1.0441
ml/workload,graph,6,0.9442,0.3805,0.9987
ml/workload,kv,11,0.9938,0.9851,1.0187
ml/workload,matmul,2,1.0659,1.0650,1.0668
ml/workload,sort,5,0.9886,0.9883,0.9984
ml/workload-k,btree,9,1.0019,1.0012,1.0472
ml/workload-k,graph,6,0.9449,0.3670,0.9985
ml/workload-k,kv,11,1.0218,1.0076,1.0288
ml/workload-k,matmul,2,1.0002,1.0000,1.0005
ml/workload-k,sort,5,1.0074,1.0074,1.0180
