policy,workload,split,streams,geo_faults_vs_clock,geo_writes_vs_clock,select_ticks_per_eviction,candidates_per_eviction
aging,btree,heldout,5,1.0626,1.0177,410.3,222.2
aging,btree,test,4,1.1161,1.0263,411.7,248.8
aging,graph,heldout,3,1.2636,1.3234,288.7,170.0
aging,graph,test,3,1.5854,1.7505,277.0,159.7
aging,kv,heldout,5,1.1334,1.1334,124.5,56.0
aging,kv,test,6,1.1065,1.4625,130.0,62.0
aging,matmul,heldout,2,0.9993,0.9868,45.9,9.0
aging,sort,heldout,3,0.9984,0.9948,60.2,16.0
aging,sort,test,2,0.9878,0.9824,48.4,10.0
clock,btree,heldout,5,1.0000,1.0000,30.2,222.2
clock,btree,test,4,1.0000,1.0000,31.7,248.8
clock,graph,heldout,3,1.0000,1.0000,37.8,170.0
clock,graph,test,3,1.0000,1.0000,55.6,159.7
clock,kv,heldout,5,1.0000,1.0000,29.7,56.0
clock,kv,test,6,1.0000,1.0000,28.0,62.0
clock,matmul,heldout,2,1.0000,1.0000,38.1,9.0
clock,sort,heldout,3,1.0000,1.0000,31.9,16.0
clock,sort,test,2,1.0000,1.0000,35.1,10.0
fifo,btree,heldout,5,1.0873,1.0693,18.5,222.2
fifo,btree,test,4,1.1431,1.0575,19.0,248.8
fifo,graph,heldout,3,1.2894,1.3753,15.6,170.0
fifo,graph,test,3,2.0959,2.5333,14.8,159.7
fifo,kv,heldout,5,1.3125,1.2206,10.5,56.0
fifo,kv,test,6,1.2836,1.9916,10.4,62.0
fifo,matmul,heldout,2,1.8198,13.0017,7.9,9.0
fifo,sort,heldout,3,1.1900,1.0970,8.9,16.0
fifo,sort,test,2,1.3306,1.1476,7.9,10.0
lfu,btree,heldout,5,1.0726,1.0187,404.3,222.2
lfu,btree,test,4,1.1271,1.0277,410.9,248.8
lfu,graph,heldout,3,1.2738,1.3323,294.4,170.0
lfu,graph,test,3,2.0274,2.3012,275.0,159.7
lfu,kv,heldout,5,1.1873,1.1705,124.8,56.0
lfu,kv,test,6,1.1755,1.6447,127.9,62.0
lfu,matmul,heldout,2,0.9993,0.9868,47.0,9.0
lfu,sort,heldout,3,1.0063,1.0103,60.4,16.0
lfu,sort,test,2,0.9905,0.9869,49.7,10.0
ml/global,btree,heldout,5,0.8934,0.9843,872.3,222.2
ml/global,btree,test,4,0.8432,0.9521,896.6,248.8
ml/global,graph,heldout,3,0.5353,0.3945,616.6,170.0
ml/global,graph,test,3,0.9893,0.5152,543.4,159.7
ml/global,kv,heldout,5,0.8784,0.8783,245.4,56.0
ml/global,kv,test,6,0.8749,0.7371,250.8,62.0
ml/global,matmul,heldout,2,1.1147,3.8886,83.3,9.0
ml/global,sort,heldout,3,0.9770,0.9714,108.8,16.0
ml/global,sort,test,2,0.9804,0.9649,82.2,10.0
ml/workload,btree,heldout,5,0.8536,0.9660,978.9,222.2
ml/workload,btree,test,4,0.8228,1.0220,1011.6,248.8
ml/workload,graph,heldout,3,0.5411,0.1381,639.1,170.0
ml/workload,graph,test,3,0.6138,0.0446,594.4,159.7
ml/workload,kv,heldout,5,0.8753,0.8752,265.1,56.0
ml/workload,kv,test,6,0.8705,0.6823,275.2,62.0
ml/workload,matmul,heldout,2,0.9734,0.0349,92.5,9.0
ml/workload,sort,heldout,3,0.9330,0.9250,120.5,16.0
ml/workload,sort,test,2,0.9601,0.9436,88.1,10.0
ml/workload-k,btree,heldout,5,0.8934,0.9809,864.6,222.2
ml/workload-k,btree,test,4,0.8238,1.0432,888.1,248.8
ml/workload-k,graph,heldout,3,0.5504,0.1296,579.4,170.0
ml/workload-k,graph,test,3,0.6304,0.0449,500.7,159.7
ml/workload-k,kv,heldout,5,0.9239,0.9240,253.5,56.0
ml/workload-k,kv,test,6,0.9077,0.7146,258.4,62.0
ml/workload-k,matmul,heldout,2,0.9993,0.9868,91.5,9.0
ml/workload-k,sort,heldout,3,0.9984,0.9948,91.3,16.0
ml/workload-k,sort,test,2,0.9878,0.9824,78.3,10.0
