kind,scope,features,workload,split,geo_ratio_vs_clock,mean_gap_closed,cells,censored
matmul_train,global,age,matmul,train,0.8813,0.0154,12,0
matmul_train,global,age+dirty,matmul,train,0.7678,0.1992,12,0
matmul_train,global,age+dirty+rdist,matmul,train,0.8066,-0.0640,12,1
matmul_train,global,age+dirty+refaults,matmul,train,1.0949,-0.5664,12,1
matmul_train,global,age+dirty+refaults+rdist,matmul,train,0.9836,-0.3809,12,1
matmul_train,global,age+rdist,matmul,train,0.8300,0.1342,12,0
matmul_train,global,age+refaults,matmul,train,1.0768,-0.5229,12,1
matmul_train,global,age+refaults+rdist,matmul,train,1.0204,-0.4350,12,1
matmul_train,global,aging,matmul,train,0.8511,0.1047,12,0
matmul_train,global,aging+age,matmul,train,0.8907,0.0236,12,0
matmul_train,global,aging+age+dirty,matmul,train,0.8925,0.0187,12,0
matmul_train,global,aging+age+dirty+rdist,matmul,train,0.8255,0.1471,12,0
matmul_train,global,aging+age+dirty+refaults,matmul,train,0.8751,0.0531,12,0
matmul_train,global,aging+age+dirty+refaults+rdist,matmul,train,0.8587,0.0786,12,0
matmul_train,global,aging+age+rdist,matmul,train,0.8258,0.1430,12,0
matmul_train,global,aging+age+refaults,matmul,train,0.8757,0.0515,12,0
matmul_train,global,aging+age+refaults+rdist,matmul,train,0.8580,0.0826,12,0
matmul_train,global,aging+dirty,matmul,train,0.8485,0.1100,12,0
matmul_train,global,aging+dirty+rdist,matmul,train,0.8298,0.1310,12,0
matmul_train,global,aging+dirty+refaults,matmul,train,0.8760,0.0563,12,0
matmul_train,global,aging+dirty+refaults+rdist,matmul,train,0.8462,0.1003,12,0
matmul_train,global,aging+idle,matmul,train,0.8511,0.1047,12,0
matmul_train,global,aging+idle+age,matmul,train,0.8865,0.0343,12,0
matmul_train,global,aging+idle+age+dirty,matmul,train,0.8925,0.0187,12,0
matmul_train,global,aging+idle+age+dirty+rdist,matmul,train,0.8276,0.1411,12,0
matmul_train,global,aging+idle+age+dirty+refaults,matmul,train,0.8719,0.0596,12,0
matmul_train,global,aging+idle+age+dirty+refaults+rdist,matmul,train,0.8599,0.0763,12,0
matmul_train,global,aging+idle+age+rdist,matmul,train,0.8258,0.1430,12,0
matmul_train,global,aging+idle+age+refaults,matmul,train,0.8704,0.0639,12,0
matmul_train,global,aging+idle+age+refaults+rdist,matmul,train,0.8575,0.0857,12,0
matmul_train,global,aging+idle+dirty,matmul,train,0.8264,0.1516,12,0
matmul_train,global,aging+idle+dirty+rdist,matmul,train,0.8299,0.1305,12,0
matmul_train,global,aging+idle+dirty+refaults,matmul,train,0.8777,0.0523,12,0
matmul_train,global,aging+idle+dirty+refaults+rdist,matmul,train,0.8453,0.1027,12,0
matmul_train,global,aging+idle+rdist,matmul,train,0.8245,0.1496,12,0
matmul_train,global,aging+idle+refaults,matmul,train,0.8784,0.0485,12,0
matmul_train,global,aging+idle+refaults+rdist,matmul,train,0.8469,0.0980,12,0
matmul_train,global,aging+rdist,matmul,train,0.8245,0.1498,12,0
matmul_train,global,aging+refaults,matmul,train,0.8784,0.0485,12,0
matmul_train,global,aging+refaults+rdist,matmul,train,0.8471,0.0977,12,0
matmul_train,global,aging+sfreq,matmul,train,0.8894,0.0269,12,0
matmul_train,global,aging+sfreq+age,matmul,train,0.8894,0.0269,12,0
matmul_train,global,aging+sfreq+age+dirty,matmul,train,0.8922,0.0195,12,0
matmul_train,global,aging+sfreq+age+dirty+rdist,matmul,train,0.8257,0.1467,12,0
matmul_train,global,aging+sfreq+age+dirty+refaults,matmul,train,0.8895,-0.0017,12,0
matmul_train,global,aging+sfreq+age+dirty+refaults+rdist,matmul,train,0.8699,0.0382,12,0
matmul_train,global,aging+sfreq+age+rdist,matmul,train,0.8288,0.1344,12,0
matmul_train,global,aging+sfreq+age+refaults,matmul,train,0.8872,0.0056,12,0
matmul_train,global,aging+sfreq+age+refaults+rdist,matmul,train,0.8674,0.0487,12,0
matmul_train,global,aging+sfreq+dirty,matmul,train,0.8922,0.0195,12,0
matmul_train,global,aging+sfreq+dirty+rdist,matmul,train,0.8274,0.1415,12,0
matmul_train,global,aging+sfreq+dirty+refaults,matmul,train,0.8901,-0.0062,12,0
matmul_train,global,aging+sfreq+dirty+refaults+rdist,matmul,train,0.8758,0.0108,12,0
matmul_train,global,aging+sfreq+idle,matmul,train,0.8896,0.0264,12,0
matmul_train,global,aging+sfreq+idle+age,matmul,train,0.8871,0.0328,12,0
matmul_train,global,aging+sfreq+idle+age+dirty,matmul,train,0.8879,0.0307,12,0
matmul_train,global,aging+sfreq+idle+age+dirty+rdist,matmul,train,0.8234,0.1533,12,0
matmul_train,global,aging+sfreq+idle+age+dirty+refaults,matmul,train,0.8686,0.0669,12,0
matmul_train,global,aging+sfreq+idle+age+dirty+refaults+rdist,matmul,train,0.8600,0.0762,12,0
matmul_train,global,aging+sfreq+idle+age+rdist,matmul,train,0.8237,0.1513,12,0
matmul_train,global,aging+sfreq+idle+age+refaults,matmul,train,0.8695,0.0657,12,0
matmul_train,global,aging+sfreq+idle+age+refaults+rdist,matmul,train,0.8575,0.0857,12,0
matmul_train,global,aging+sfreq+idle+dirty,matmul,train,0.8922,0.0195,12,0
matmul_train,global,aging+sfreq+idle+dirty+rdist,matmul,train,0.8271,0.1426,12,0
matmul_train,global,aging+sfreq+idle+dirty+refaults,matmul,train,0.8892,-0.0040,12,0
matmul_train,global,aging+sfreq+idle+dirty+refaults+rdist,matmul,train,0.9090,-0.1127,12,0
matmul_train,global,aging+sfreq+idle+rdist,matmul,train,0.8287,0.1348,12,0
matmul_train,global,aging+sfreq+idle+refaults,matmul,train,0.8882,-0.0003,12,0
matmul_train,global,aging+sfreq+idle+refaults+rdist,matmul,train,0.9038,-0.0801,12,0
matmul_train,global,aging+sfreq+rdist,matmul,train,0.8270,0.1400,12,0
matmul_train,global,aging+sfreq+refaults,matmul,train,0.8893,-0.0031,12,0
matmul_train,global,aging+sfreq+refaults+rdist,matmul,train,0.8709,0.0323,12,0
matmul_train,global,dirty,matmul,train,0.7678,0.1992,12,0
matmul_train,global,dirty+rdist,matmul,train,0.8074,-0.0666,12,1
matmul_train,global,dirty+refaults,matmul,train,1.0145,-0.2566,12,0
matmul_train,global,dirty+refaults+rdist,matmul,train,0.8471,0.0404,12,0
matmul_train,global,freq,matmul,train,1.0107,-0.4410,12,1
matmul_train,global,freq+ref+aging+sfreq+idle+age+dirty,matmul,train,0.8229,0.1323,12,0
matmul_train,global,freq+ref+aging+sfreq+idle+age+dirty+refaults+rdist,matmul,train,0.8688,0.0674,12,0
matmul_train,global,freq+sd,matmul,train,0.8220,0.1555,12,0
matmul_train,global,freq+sd+ref+aging+sfreq+idle+age+dirty,matmul,train,0.7824,0.2162,12,0
matmul_train,global,freq+sd+ref+aging+sfreq+idle+age+dirty+refaults+rdist,matmul,train,0.9418,-0.3049,12,1
matmul_train,global,freq+sd+wr,matmul,train,0.8209,0.1572,12,0
matmul_train,global,freq+sd+wr+ref+aging+sfreq+idle+age+dirty,matmul,train,0.7876,0.2090,12,0
matmul_train,global,freq+sd+wr+ref+aging+sfreq+idle+age+dirty+refaults+rdist,matmul,train,0.9400,-0.2980,12,1
matmul_train,global,freq+wr,matmul,train,0.9614,-0.3833,12,1
matmul_train,global,freq+wr+ref+aging+sfreq+idle+age+dirty,matmul,train,0.8229,0.1323,12,0
matmul_train,global,freq+wr+ref+aging+sfreq+idle+age+dirty+refaults+rdist,matmul,train,0.8669,0.0705,12,0
matmul_train,global,idle,matmul,train,0.8599,0.0845,12,0
matmul_train,global,idle+age,matmul,train,0.8764,0.0581,12,0
matmul_train,global,idle+age+dirty,matmul,train,0.8913,0.0220,12,0
matmul_train,global,idle+age+dirty+rdist,matmul,train,0.7939,0.2227,12,0
matmul_train,global,idle+age+dirty+refaults,matmul,train,0.8596,0.0728,12,0
matmul_train,global,idle+age+dirty+refaults+rdist,matmul,train,0.8330,0.1155,12,0
matmul_train,global,idle+age+rdist,matmul,train,0.8097,0.1840,12,0
matmul_train,global,idle+age+refaults,matmul,train,0.8799,0.0415,12,0
matmul_train,global,idle+age+refaults+rdist,matmul,train,0.8655,0.0673,12,0
matmul_train,global,idle+dirty,matmul,train,0.8402,0.1205,12,0
matmul_train,global,idle+dirty+rdist,matmul,train,0.7337,0.3001,12,0
matmul_train,global,idle+dirty+refaults,matmul,train,0.8971,0.0103,12,0
matmul_train,global,idle+dirty+refaults+rdist,matmul,train,0.8333,0.1172,12,0
matmul_train,global,idle+rdist,matmul,train,0.8244,0.1500,12,0
matmul_train,global,idle+refaults,matmul,train,0.8855,0.0291,12,0
matmul_train,global,idle+refaults+rdist,matmul,train,0.8605,0.0694,12,0
matmul_train,global,rdist,matmul,train,0.8985,-0.1953,12,1
matmul_train,global,rec,matmul,train,0.8206,0.1622,12,0
matmul_train,global,rec+freq,matmul,train,0.8284,0.1464,12,0
matmul_train,global,rec+freq+ref+aging+sfreq+idle+age+dirty,matmul,train,0.9686,-0.1176,12,0
matmul_train,global,rec+freq+ref+aging+sfreq+idle+age+dirty+refaults+rdist,matmul,train,0.7902,0.2082,12,0
matmul_train,global,rec+freq+sd,matmul,train,0.8241,0.1343,12,0
matmul_train,global,rec+freq+sd+ref+aging+sfreq+idle+age+dirty,matmul,train,0.9650,-0.1113,12,0
matmul_train,global,rec+freq+sd+ref+aging+sfreq+idle+age+dirty+refaults+rdist,matmul,train,0.7866,0.2173,12,0
matmul_train,global,rec+freq+sd+wr,matmul,train,0.8213,0.1381,12,0
matmul_train,global,rec+freq+sd+wr+ref+aging+sfreq+idle+age+dirty,matmul,train,0.9657,-0.1126,12,0
matmul_train,global,rec+freq+sd+wr+ref+aging+sfreq+idle+age+dirty+refaults+rdist,matmul,train,0.7875,0.2161,12,0
matmul_train,global,rec+freq+wr,matmul,train,0.8313,0.1411,12,0
matmul_train,global,rec+freq+wr+ref+aging+sfreq+idle+age+dirty,matmul,train,0.9686,-0.1176,12,0
matmul_train,global,rec+freq+wr+ref+aging+sfreq+idle+age+dirty+refaults+rdist,matmul,train,0.7907,0.2074,12,0
matmul_train,global,rec+ref+aging+sfreq+idle+age+dirty,matmul,train,0.8753,0.0598,12,0
matmul_train,global,rec+ref+aging+sfreq+idle+age+dirty+refaults+rdist,matmul,train,0.8019,0.1940,12,0
matmul_train,global,rec+sd,matmul,train,0.8212,0.1613,12,0
matmul_train,global,rec+sd+ref+aging+sfreq+idle+age+dirty,matmul,train,0.8501,0.1098,12,0
matmul_train,global,rec+sd+ref+aging+sfreq+idle+age+dirty+refaults+rdist,matmul,train,0.7984,0.2015,12,0
matmul_train,global,rec+sd+wr,matmul,train,0.8214,0.1610,12,0
matmul_train,global,rec+sd+wr+ref+aging+sfreq+idle+age+dirty,matmul,train,0.8499,0.1102,12,0
matmul_train,global,rec+sd+wr+ref+aging+sfreq+idle+age+dirty+refaults+rdist,matmul,train,0.7985,0.2015,12,0
matmul_train,global,rec+wr,matmul,train,0.8214,0.1605,12,0
matmul_train,global,rec+wr+ref+aging+sfreq+idle+age+dirty,matmul,train,0.8758,0.0587,12,0
matmul_train,global,rec+wr+ref+aging+sfreq+idle+age+dirty+refaults+rdist,matmul,train,0.8016,0.1943,12,0
matmul_train,global,ref,matmul,train,0.8587,0.0875,12,0
matmul_train,global,ref+age,matmul,train,0.8587,0.0875,12,0
matmul_train,global,ref+age+dirty,matmul,train,0.8359,0.1310,12,0
matmul_train,global,ref+age+dirty+rdist,matmul,train,0.8313,0.1272,12,0
matmul_train,global,ref+age+dirty+refaults,matmul,train,0.8669,0.0802,12,0
matmul_train,global,ref+age+dirty+refaults+rdist,matmul,train,0.8652,0.0451,12,0
matmul_train,global,ref+age+rdist,matmul,train,0.8250,0.1490,12,0
matmul_train,global,ref+age+refaults,matmul,train,0.8701,0.0695,12,0
matmul_train,global,ref+age+refaults+rdist,matmul,train,0.8495,0.1001,12,0
matmul_train,global,ref+aging,matmul,train,0.8512,0.1044,12,0
matmul_train,global,ref+aging+age,matmul,train,0.8915,0.0214,12,0
matmul_train,global,ref+aging+age+dirty,matmul,train,0.8925,0.0187,12,0
matmul_train,global,ref+aging+age+dirty+rdist,matmul,train,0.8314,0.1269,12,0
matmul_train,global,ref+aging+age+dirty+refaults,matmul,train,0.8765,0.0460,12,0
matmul_train,global,ref+aging+age+dirty+refaults+rdist,matmul,train,0.8503,0.0945,12,0
matmul_train,global,ref+aging+age+rdist,matmul,train,0.8295,0.1322,12,0
matmul_train,global,ref+aging+age+refaults,matmul,train,0.8775,0.0460,12,0
matmul_train,global,ref+aging+age+refaults+rdist,matmul,train,0.8574,0.0838,12,0
matmul_train,global,ref+aging+dirty,matmul,train,0.8487,0.1096,12,0
matmul_train,global,ref+aging+dirty+rdist,matmul,train,0.8297,0.1313,12,0
matmul_train,global,ref+aging+dirty+refaults,matmul,train,0.8778,0.0521,12,0
matmul_train,global,ref+aging+dirty+refaults+rdist,matmul,train,0.8460,0.1011,12,0
matmul_train,global,ref+aging+idle,matmul,train,0.8512,0.1044,12,0
matmul_train,global,ref+aging+idle+age,matmul,train,0.8915,0.0214,12,0
matmul_train,global,ref+aging+idle+age+dirty,matmul,train,0.8911,0.0223,12,0
matmul_train,global,ref+aging+idle+age+dirty+rdist,matmul,train,0.8314,0.1269,12,0
matmul_train,global,ref+aging+idle+age+dirty+refaults,matmul,train,0.8713,0.0563,12,0
matmul_train,global,ref+aging+idle+age+dirty+refaults+rdist,matmul,train,0.8481,0.0980,12,0
matmul_train,global,ref+aging+idle+age+rdist,matmul,train,0.8295,0.1322,12,0
matmul_train,global,ref+aging+idle+age+refaults,matmul,train,0.8809,0.0411,12,0
matmul_train,global,ref+aging+idle+age+refaults+rdist,matmul,train,0.8606,0.0791,12,0
matmul_train,global,ref+aging+idle+dirty,matmul,train,0.8487,0.1096,12,0
matmul_train,global,ref+aging+idle+dirty+rdist,matmul,train,0.8296,0.1315,12,0
matmul_train,global,ref+aging+idle+dirty+refaults,matmul,train,0.8766,0.0547,12,0
matmul_train,global,ref+aging+idle+dirty+refaults+rdist,matmul,train,0.8461,0.1005,12,0
matmul_train,global,ref+aging+idle+rdist,matmul,train,0.8304,0.1298,12,0
matmul_train,global,ref+aging+idle+refaults,matmul,train,0.8785,0.0481,12,0
matmul_train,global,ref+aging+idle+refaults+rdist,matmul,train,0.8467,0.0987,12,0
matmul_train,global,ref+aging+rdist,matmul,train,0.8304,0.1298,12,0
matmul_train,global,ref+aging+refaults,matmul,train,0.8777,0.0503,12,0
matmul_train,global,ref+aging+refaults+rdist,matmul,train,0.8469,0.0985,12,0
matmul_train,global,ref+aging+sfreq,matmul,train,0.8907,0.0236,12,0
matmul_train,global,ref+aging+sfreq+age,matmul,train,0.8915,0.0214,12,0
matmul_train,global,ref+aging+sfreq+age+dirty,matmul,train,0.8925,0.0187,12,0
matmul_train,global,ref+aging+sfreq+age+dirty+rdist,matmul,train,0.8330,0.1221,12,0
matmul_train,global,ref+aging+sfreq+age+dirty+refaults,matmul,train,0.8844,0.0085,12,0
matmul_train,global,ref+aging+sfreq+age+dirty+refaults+rdist,matmul,train,0.8587,0.0628,12,0
matmul_train,global,ref+aging+sfreq+age+rdist,matmul,train,0.8322,0.1245,12,0
matmul_train,global,ref+aging+sfreq+age+refaults,matmul,train,0.8904,0.0003,12,0
matmul_train,global,ref+aging+sfreq+age+refaults+rdist,matmul,train,0.8582,0.0821,12,0
matmul_train,global,ref+aging+sfreq+dirty,matmul,train,0.8925,0.0186,12,0
matmul_train,global,ref+aging+sfreq+dirty+rdist,matmul,train,0.8288,0.1343,12,0
matmul_train,global,ref+aging+sfreq+dirty+refaults,matmul,train,0.8878,-0.0053,12,0
matmul_train,global,ref+aging+sfreq+dirty+refaults+rdist,matmul,train,0.8760,0.0046,12,0
matmul_train,global,ref+aging+sfreq+idle,matmul,train,0.8907,0.0236,12,0
matmul_train,global,ref+aging+sfreq+idle+age,matmul,train,0.8938,0.0149,12,0
matmul_train,global,ref+aging+sfreq+idle+age+dirty,matmul,train,0.8929,0.0172,12,0
matmul_train,global,ref+aging+sfreq+idle+age+dirty+rdist,matmul,train,0.8242,0.1431,12,0
matmul_train,global,ref+aging+sfreq+idle+age+dirty+refaults,matmul,train,0.8719,0.0550,12,0
matmul_train,global,ref+aging+sfreq+idle+age+dirty+refaults+rdist,matmul,train,0.8473,0.0991,12,0
matmul_train,global,ref+aging+sfreq+idle+age+rdist,matmul,train,0.8296,0.1317,12,0
matmul_train,global,ref+aging+sfreq+idle+age+refaults,matmul,train,0.8808,0.0416,12,0
matmul_train,global,ref+aging+sfreq+idle+age+refaults+rdist,matmul,train,0.8621,0.0764,12,0
matmul_train,global,ref+aging+sfreq+idle+dirty,matmul,train,0.8925,0.0187,12,0
matmul_train,global,ref+aging+sfreq+idle+dirty+rdist,matmul,train,0.8302,0.1300,12,0
matmul_train,global,ref+aging+sfreq+idle+dirty+refaults,matmul,train,0.8914,-0.0151,12,0
matmul_train,global,ref+aging+sfreq+idle+dirty+refaults+rdist,matmul,train,0.9162,-0.1610,12,0
matmul_train,global,ref+aging+sfreq+idle+rdist,matmul,train,0.8297,0.1313,12,0
matmul_train,global,ref+aging+sfreq+idle+refaults,matmul,train,0.8934,-0.0150,12,0
matmul_train,global,ref+aging+sfreq+idle+refaults+rdist,matmul,train,0.9136,-0.1255,12,0
matmul_train,global,ref+aging+sfreq+rdist,matmul,train,0.8294,0.1323,12,0
matmul_train,global,ref+aging+sfreq+refaults,matmul,train,0.8996,-0.0325,12,0
matmul_train,global,ref+aging+sfreq+refaults+rdist,matmul,train,0.8760,0.0166,12,0
matmul_train,global,ref+dirty,matmul,train,0.8359,0.1310,12,0
matmul_train,global,ref+dirty+rdist,matmul,train,0.8313,0.1272,12,0
matmul_train,global,ref+dirty+refaults,matmul,train,0.8737,0.0618,12,0
matmul_train,global,ref+dirty+refaults+rdist,matmul,train,0.8379,0.1236,12,0
matmul_train,global,ref+idle,matmul,train,0.8599,0.0845,12,0
matmul_train,global,ref+idle+age,matmul,train,0.8764,0.0581,12,0
matmul_train,global,ref+idle+age+dirty,matmul,train,0.8913,0.0220,12,0
matmul_train,global,ref+idle+age+dirty+rdist,matmul,train,0.8288,0.1374,12,0
matmul_train,global,ref+idle+age+dirty+refaults,matmul,train,0.8684,0.0656,12,0
matmul_train,global,ref+idle+age+dirty+refaults+rdist,matmul,train,0.8527,0.0950,12,0
matmul_train,global,ref+idle+age+rdist,matmul,train,0.8103,0.1843,12,0
matmul_train,global,ref+idle+age+refaults,matmul,train,0.8691,0.0652,12,0
matmul_train,global,ref+idle+age+refaults+rdist,matmul,train,0.8533,0.0940,12,0
matmul_train,global,ref+idle+dirty,matmul,train,0.8402,0.1205,12,0
matmul_train,global,ref+idle+dirty+rdist,matmul,train,0.8296,0.1331,12,0
matmul_train,global,ref+idle+dirty+refaults,matmul,train,0.8755,0.0564,12,0
matmul_train,global,ref+idle+dirty+refaults+rdist,matmul,train,0.8386,0.1208,12,0
matmul_train,global,ref+idle+rdist,matmul,train,0.8261,0.1454,12,0
matmul_train,global,ref+idle+refaults,matmul,train,0.8795,0.0456,12,0
matmul_train,global,ref+idle+refaults+rdist,matmul,train,0.8438,0.1119,12,0
matmul_train,global,ref+rdist,matmul,train,0.8250,0.1490,12,0
matmul_train,global,ref+refaults,matmul,train,0.8801,0.0442,12,0
matmul_train,global,ref+refaults+rdist,matmul,train,0.8415,0.1181,12,0
matmul_train,global,ref+sfreq,matmul,train,0.8807,0.0490,12,0
matmul_train,global,ref+sfreq+age,matmul,train,0.8619,0.0805,12,0
matmul_train,global,ref+sfreq+age+dirty,matmul,train,0.8543,0.0830,12,0
matmul_train,global,ref+sfreq+age+dirty+rdist,matmul,train,0.8327,0.1238,12,0
matmul_train,global,ref+sfreq+age+dirty+refaults,matmul,train,0.9574,-0.3029,12,0
matmul_train,global,ref+sfreq+age+dirty+refaults+rdist,matmul,train,0.8895,-0.0334,12,0
matmul_train,global,ref+sfreq+age+rdist,matmul,train,0.8285,0.1361,12,0
matmul_train,global,ref+sfreq+age+refaults,matmul,train,0.9627,-0.3255,12,1
matmul_train,global,ref+sfreq+age+refaults+rdist,matmul,train,0.9010,-0.0689,12,0
matmul_train,global,ref+sfreq+dirty,matmul,train,0.8985,0.0019,12,0
matmul_train,global,ref+sfreq+dirty+rdist,matmul,train,0.8366,0.1126,12,0
matmul_train,global,ref+sfreq+dirty+refaults,matmul,train,0.9618,-0.3240,12,1
matmul_train,global,ref+sfreq+dirty+refaults+rdist,matmul,train,0.8895,-0.0334,12,0
matmul_train,global,ref+sfreq+idle,matmul,train,0.8787,0.0532,12,0
matmul_train,global,ref+sfreq+idle+age,matmul,train,0.8787,0.0532,12,0
matmul_train,global,ref+sfreq+idle+age+dirty,matmul,train,0.8880,0.0308,12,0
matmul_train,global,ref+sfreq+idle+age+dirty+rdist,matmul,train,0.8258,0.1462,12,0
matmul_train,global,ref+sfreq+idle+age+dirty+refaults,matmul,train,0.8733,0.0518,12,0
matmul_train,global,ref+sfreq+idle+age+dirty+refaults+rdist,matmul,train,0.8499,0.1032,12,0
matmul_train,global,ref+sfreq+idle+age+rdist,matmul,train,0.8084,0.1885,12,0
matmul_train,global,ref+sfreq+idle+age+refaults,matmul,train,0.8687,0.0657,12,0
matmul_train,global,ref+sfreq+idle+age+refaults+rdist,matmul,train,0.8487,0.1102,12,0
matmul_train,global,ref+sfreq+idle+dirty,matmul,train,0.8880,0.0308,12,0
matmul_train,global,ref+sfreq+idle+dirty+rdist,matmul,train,0.8288,0.1374,12,0
matmul_train,global,ref+sfreq+idle+dirty+refaults,matmul,train,0.8786,0.0315,12,0
matmul_train,global,ref+sfreq+idle+dirty+refaults+rdist,matmul,train,0.8699,0.0342,12,0
matmul_train,global,ref+sfreq+idle+rdist,matmul,train,0.8199,0.1609,12,0
matmul_train,global,ref+sfreq+idle+refaults,matmul,train,0.8773,0.0381,12,0
matmul_train,global,ref+sfreq+idle+refaults+rdist,matmul,train,0.8715,0.0356,12,0
matmul_train,global,ref+sfreq+rdist,matmul,train,0.8115,0.1803,12,0
matmul_train,global,ref+sfreq+refaults,matmul,train,0.9630,-0.3258,12,1
matmul_train,global,ref+sfreq+refaults+rdist,matmul,train,0.8987,-0.0600,12,0
matmul_train,global,refaults,matmul,train,0.9418,-0.1419,12,0
matmul_train,global,refaults+rdist,matmul,train,0.8923,-0.0485,12,0
matmul_train,global,sd,matmul,train,0.8206,0.1622,12,0
matmul_train,global,sd+ref+aging+sfreq+idle+age+dirty,matmul,train,0.8279,0.1473,12,0
matmul_train,global,sd+ref+aging+sfreq+idle+age+dirty+refaults+rdist,matmul,train,0.9281,-0.2790,12,1
matmul_train,global,sd+wr,matmul,train,0.8206,0.1622,12,0
matmul_train,global,sd+wr+ref+aging+sfreq+idle+age+dirty,matmul,train,0.8303,0.1415,12,0
matmul_train,global,sd+wr+ref+aging+sfreq+idle+age+dirty+refaults+rdist,matmul,train,0.9285,-0.2796,12,1
matmul_train,global,sfreq,matmul,train,0.9809,-0.3571,12,1
matmul_train,global,sfreq+age,matmul,train,0.9076,-0.0687,12,0
matmul_train,global,sfreq+age+dirty,matmul,train,0.8941,-0.0589,12,0
matmul_train,global,sfreq+age+dirty+rdist,matmul,train,0.8208,-0.1200,12,1
matmul_train,global,sfreq+age+dirty+refaults,matmul,train,0.9573,-0.3342,12,1
matmul_train,global,sfreq+age+dirty+refaults+rdist,matmul,train,0.9006,-0.2328,12,1
matmul_train,global,sfreq+age+rdist,matmul,train,0.8799,-0.0491,12,0
matmul_train,global,sfreq+age+refaults,matmul,train,0.9800,-0.3673,12,1
matmul_train,global,sfreq+age+refaults+rdist,matmul,train,0.9495,-0.3045,12,1
matmul_train,global,sfreq+dirty,matmul,train,0.9780,-0.3519,12,1
matmul_train,global,sfreq+dirty+rdist,matmul,train,0.9034,-0.2187,12,1
matmul_train,global,sfreq+dirty+refaults,matmul,train,0.9392,-0.2972,12,1
matmul_train,global,sfreq+dirty+refaults+rdist,matmul,train,0.9077,-0.2402,12,1
matmul_train,global,sfreq+idle,matmul,train,0.8789,0.0524,12,0
matmul_train,global,sfreq+idle+age,matmul,train,0.8789,0.0524,12,0
matmul_train,global,sfreq+idle+age+dirty,matmul,train,0.8913,0.0220,12,0
matmul_train,global,sfreq+idle+age+dirty+rdist,matmul,train,0.8078,0.1919,12,0
matmul_train,global,sfreq+idle+age+dirty+refaults,matmul,train,0.8652,0.0574,12,0
matmul_train,global,sfreq+idle+age+dirty+refaults+rdist,matmul,train,0.8224,0.1460,12,0
matmul_train,global,sfreq+idle+age+rdist,matmul,train,0.8065,0.1917,12,0
matmul_train,global,sfreq+idle+age+refaults,matmul,train,0.8893,0.0177,12,0
matmul_train,global,sfreq+idle+age+refaults+rdist,matmul,train,0.8687,0.0582,12,0
matmul_train,global,sfreq+idle+dirty,matmul,train,0.8906,0.0239,12,0
matmul_train,global,sfreq+idle+dirty+rdist,matmul,train,0.7939,0.2225,12,0
matmul_train,global,sfreq+idle+dirty+refaults,matmul,train,0.8729,0.0366,12,0
matmul_train,global,sfreq+idle+dirty+refaults+rdist,matmul,train,0.8354,0.0964,12,0
matmul_train,global,sfreq+idle+rdist,matmul,train,0.8208,0.1576,12,0
matmul_train,global,sfreq+idle+refaults,matmul,train,0.8968,-0.0026,12,0
matmul_train,global,sfreq+idle+refaults+rdist,matmul,train,0.8835,0.0122,12,0
matmul_train,global,sfreq+rdist,matmul,train,0.9084,-0.2282,12,1
matmul_train,global,sfreq+refaults,matmul,train,0.9791,-0.3556,12,1
matmul_train,global,sfreq+refaults+rdist,matmul,train,0.9641,-0.3258,12,1
matmul_train,global,wr,matmul,train,0.7678,0.1992,12,0
matmul_train,global,wr+ref+aging+sfreq+idle+age+dirty,matmul,train,0.8923,0.0189,12,0
matmul_train,global,wr+ref+aging+sfreq+idle+age+dirty+refaults+rdist,matmul,train,0.8469,0.0990,12,0
matmul_train,matmul,age,matmul,train,1.0750,-0.5111,12,1
matmul_train,matmul,age+dirty,matmul,train,0.9758,-0.3370,12,1
matmul_train,matmul,age+dirty+rdist,matmul,train,0.9627,-0.3131,12,1
matmul_train,matmul,age+dirty+refaults,matmul,train,0.9551,-0.3066,12,1
matmul_train,matmul,age+dirty+refaults+rdist,matmul,train,0.9642,-0.3165,12,1
matmul_train,matmul,age+rdist,matmul,train,1.0043,-0.3845,12,1
matmul_train,matmul,age+refaults,matmul,train,1.0425,-0.4570,12,1
matmul_train,matmul,age+refaults+rdist,matmul,train,0.9946,-0.3669,12,1
matmul_train,matmul,aging,matmul,train,0.8511,0.1047,12,0
matmul_train,matmul,aging+age,matmul,train,0.9028,-0.0272,12,0
matmul_train,matmul,aging+age+dirty,matmul,train,0.9100,-0.0456,12,0
matmul_train,matmul,aging+age+dirty+rdist,matmul,train,0.9053,-0.2228,12,1
matmul_train,matmul,aging+age+dirty+refaults,matmul,train,0.8991,-0.0278,12,0
matmul_train,matmul,aging+age+dirty+refaults+rdist,matmul,train,0.8911,-0.1994,12,1
matmul_train,matmul,aging+age+rdist,matmul,train,0.9207,-0.2738,12,1
matmul_train,matmul,aging+age+refaults,matmul,train,0.9013,-0.0225,12,0
matmul_train,matmul,aging+age+refaults+rdist,matmul,train,0.9181,-0.2643,12,1
matmul_train,matmul,aging+dirty,matmul,train,0.8443,0.1102,12,0
matmul_train,matmul,aging+dirty+rdist,matmul,train,0.7218,0.3299,12,0
matmul_train,matmul,aging+dirty+refaults,matmul,train,0.7746,0.2259,12,0
matmul_train,matmul,aging+dirty+refaults+rdist,matmul,train,0.7221,0.3294,12,0
matmul_train,matmul,aging+idle,matmul,train,0.8511,0.1047,12,0
matmul_train,matmul,aging+idle+age,matmul,train,0.9019,-0.0251,12,0
matmul_train,matmul,aging+idle+age+dirty,matmul,train,0.8853,0.0360,12,0
matmul_train,matmul,aging+idle+age+dirty+rdist,matmul,train,0.7943,0.2218,12,0
matmul_train,matmul,aging+idle+age+dirty+refaults,matmul,train,0.8702,0.0571,12,0
matmul_train,matmul,aging+idle+age+dirty+refaults+rdist,matmul,train,0.8064,0.1843,12,0
matmul_train,matmul,aging+idle+age+rdist,matmul,train,0.9165,-0.2574,12,1
matmul_train,matmul,aging+idle+age+refaults,matmul,train,0.8827,0.0447,12,0
matmul_train,matmul,aging+idle+age+refaults+rdist,matmul,train,0.8243,0.1469,12,0
matmul_train,matmul,aging+idle+dirty,matmul,train,0.7632,0.2257,12,0
matmul_train,matmul,aging+idle+dirty+rdist,matmul,train,0.7166,0.3434,12,0
matmul_train,matmul,aging+idle+dirty+refaults,matmul,train,0.7671,0.2361,12,0
matmul_train,matmul,aging+idle+dirty+refaults+rdist,matmul,train,0.7128,0.3594,12,0
matmul_train,matmul,aging+idle+rdist,matmul,train,0.8188,0.1663,12,0
matmul_train,matmul,aging+idle+refaults,matmul,train,0.8305,0.1448,12,0
matmul_train,matmul,aging+idle+refaults+rdist,matmul,train,0.8950,-0.2167,12,1
matmul_train,matmul,aging+rdist,matmul,train,0.8188,0.1663,12,0
matmul_train,matmul,aging+refaults,matmul,train,0.8326,0.1392,12,0
matmul_train,matmul,aging+refaults+rdist,matmul,train,0.7867,0.2281,12,0
matmul_train,matmul,aging+sfreq,matmul,train,0.9049,-0.0323,12,0
matmul_train,matmul,aging+sfreq+age,matmul,train,0.9606,-0.2936,12,1
matmul_train,matmul,aging+sfreq+age+dirty,matmul,train,0.9606,-0.2936,12,1
matmul_train,matmul,aging+sfreq+age+dirty+rdist,matmul,train,0.8443,0.0788,12,0
matmul_train,matmul,aging+sfreq+age+dirty+refaults,matmul,train,0.9603,-0.3099,12,1
matmul_train,matmul,aging+sfreq+age+dirty+refaults+rdist,matmul,train,0.9311,-0.2617,12,1
matmul_train,matmul,aging+sfreq+age+rdist,matmul,train,0.9086,-0.2284,12,1
matmul_train,matmul,aging+sfreq+age+refaults,matmul,train,0.9710,-0.3262,12,1
matmul_train,matmul,aging+sfreq+age+refaults+rdist,matmul,train,0.9428,-0.2795,12,1
matmul_train,matmul,aging+sfreq+dirty,matmul,train,0.9092,-0.0435,12,0
matmul_train,matmul,aging+sfreq+dirty+rdist,matmul,train,0.9053,-0.2228,12,1
matmul_train,matmul,aging+sfreq+dirty+refaults,matmul,train,0.9002,-0.0299,12,0
matmul_train,matmul,aging+sfreq+dirty+refaults+rdist,matmul,train,0.8780,-0.1788,12,1
matmul_train,matmul,aging+sfreq+idle,matmul,train,0.9054,-0.0336,12,0
matmul_train,matmul,aging+sfreq+idle+age,matmul,train,0.8881,0.0335,12,0
matmul_train,matmul,aging+sfreq+idle+age+dirty,matmul,train,0.8737,0.0698,12,0
matmul_train,matmul,aging+sfreq+idle+age+dirty+rdist,matmul,train,0.8159,0.1680,12,0
matmul_train,matmul,aging+sfreq+idle+age+dirty+refaults,matmul,train,0.8534,0.1059,12,0
matmul_train,matmul,aging+sfreq+idle+age+dirty+refaults+rdist,matmul,train,0.8416,0.1262,12,0
matmul_train,matmul,aging+sfreq+idle+age+rdist,matmul,train,0.9086,-0.2284,12,1
matmul_train,matmul,aging+sfreq+idle+age+refaults,matmul,train,0.8758,0.0617,12,0
matmul_train,matmul,aging+sfreq+idle+age+refaults+rdist,matmul,train,0.8484,0.1171,12,0
matmul_train,matmul,aging+sfreq+idle+dirty,matmul,train,0.8852,0.0362,12,0
matmul_train,matmul,aging+sfreq+idle+dirty+rdist,matmul,train,0.7942,0.2220,12,0
matmul_train,matmul,aging+sfreq+idle+dirty+refaults,matmul,train,0.8688,0.0591,12,0
matmul_train,matmul,aging+sfreq+idle+dirty+refaults+rdist,matmul,train,0.7743,0.2504,12,0
matmul_train,matmul,aging+sfreq+idle+rdist,matmul,train,0.9165,-0.2574,12,1
matmul_train,matmul,aging+sfreq+idle+refaults,matmul,train,0.8849,0.0383,12,0
matmul_train,matmul,aging+sfreq+idle+refaults+rdist,matmul,train,0.8277,0.1350,12,0
matmul_train,matmul,aging+sfreq+rdist,matmul,train,0.9132,-0.2450,12,1
matmul_train,matmul,aging+sfreq+refaults,matmul,train,0.9028,-0.0270,12,0
matmul_train,matmul,aging+sfreq+refaults+rdist,matmul,train,0.9150,-0.2592,12,1
matmul_train,matmul,dirty,matmul,train,0.7678,0.1992,12,0
matmul_train,matmul,dirty+rdist,matmul,train,0.8074,-0.0666,12,1
matmul_train,matmul,dirty+refaults,matmul,train,0.8326,-0.1112,12,1
matmul_train,matmul,dirty+refaults+rdist,matmul,train,0.8078,-0.0672,12,1
matmul_train,matmul,freq,matmul,train,1.0107,-0.4410,12,1
matmul_train,matmul,freq+ref+aging+sfreq+idle+age+dirty,matmul,train,0.8840,0.0432,12,0
matmul_train,matmul,freq+ref+aging+sfreq+idle+age+dirty+refaults+rdist,matmul,train,0.8507,0.1130,12,0
matmul_train,matmul,freq+sd,matmul,train,0.8239,0.1555,12,0
matmul_train,matmul,freq+sd+ref+aging+sfreq+idle+age+dirty,matmul,train,0.7558,0.2477,12,0
matmul_train,matmul,freq+sd+ref+aging+sfreq+idle+age+dirty+refaults+rdist,matmul,train,0.7869,0.1854,12,0
matmul_train,matmul,freq+sd+wr,matmul,train,0.8233,0.1558,12,0
matmul_train,matmul,freq+sd+wr+ref+aging+sfreq+idle+age+dirty,matmul,train,0.7797,0.1984,12,0
matmul_train,matmul,freq+sd+wr+ref+aging+sfreq+idle+age+dirty+refaults+rdist,matmul,train,0.7767,0.1938,12,0
matmul_train,matmul,freq+wr,matmul,train,0.9498,-0.3687,12,1
matmul_train,matmul,freq+wr+ref+aging+sfreq+idle+age+dirty,matmul,train,0.9692,-0.1450,12,0
matmul_train,matmul,freq+wr+ref+aging+sfreq+idle+age+dirty+refaults+rdist,matmul,train,0.8490,0.1161,12,0
matmul_train,matmul,idle,matmul,train,0.8599,0.0845,12,0
matmul_train,matmul,idle+age,matmul,train,0.8731,0.0652,12,0
matmul_train,matmul,idle+age+dirty,matmul,train,0.8853,0.0360,12,0
matmul_train,matmul,idle+age+dirty+rdist,matmul,train,0.7951,0.2202,12,0
matmul_train,matmul,idle+age+dirty+refaults,matmul,train,0.8725,0.0538,12,0
matmul_train,matmul,idle+age+dirty+refaults+rdist,matmul,train,0.7964,0.2119,12,0
matmul_train,matmul,idle+age+rdist,matmul,train,0.8109,0.1794,12,0
matmul_train,matmul,idle+age+refaults,matmul,train,0.8773,0.0569,12,0
matmul_train,matmul,idle+age+refaults+rdist,matmul,train,0.8163,0.1670,12,0
matmul_train,matmul,idle+dirty,matmul,train,0.8367,0.1289,12,0
matmul_train,matmul,idle+dirty+rdist,matmul,train,0.7165,0.3451,12,0
matmul_train,matmul,idle+dirty+refaults,matmul,train,0.7663,0.2386,12,0
matmul_train,matmul,idle+dirty+refaults+rdist,matmul,train,0.7171,0.3440,12,0
matmul_train,matmul,idle+rdist,matmul,train,0.8233,0.1533,12,0
matmul_train,matmul,idle+refaults,matmul,train,0.8370,0.1267,12,0
matmul_train,matmul,idle+refaults+rdist,matmul,train,0.8014,0.1971,12,0
matmul_train,matmul,rdist,matmul,train,0.8985,-0.1953,12,1
matmul_train,matmul,rec,matmul,train,0.8206,0.1622,12,0
matmul_train,matmul,rec+freq,matmul,train,0.8223,0.1561,12,0
matmul_train,matmul,rec+freq+ref+aging+sfreq+idle+age+dirty,matmul,train,0.8345,0.1349,12,0
matmul_train,matmul,rec+freq+ref+aging+sfreq+idle+age+dirty+refaults+rdist,matmul,train,0.8721,0.0723,12,0
matmul_train,matmul,rec+freq+sd,matmul,train,0.8247,0.1540,12,0
matmul_train,matmul,rec+freq+sd+ref+aging+sfreq+idle+age+dirty,matmul,train,0.7491,0.2717,12,0
matmul_train,matmul,rec+freq+sd+ref+aging+sfreq+idle+age+dirty+refaults+rdist,matmul,train,0.7770,0.2265,12,0
matmul_train,matmul,rec+freq+sd+wr,matmul,train,0.8228,0.1562,12,0
matmul_train,matmul,rec+freq+sd+wr+ref+aging+sfreq+idle+age+dirty,matmul,train,0.7581,0.2375,12,0
matmul_train,matmul,rec+freq+sd+wr+ref+aging+sfreq+idle+age+dirty+refaults+rdist,matmul,train,0.7603,0.2716,12,0
matmul_train,matmul,rec+freq+wr,matmul,train,0.7526,0.2540,12,0
matmul_train,matmul,rec+freq+wr+ref+aging+sfreq+idle+age+dirty,matmul,train,0.9431,-0.0631,12,0
matmul_train,matmul,rec+freq+wr+ref+aging+sfreq+idle+age+dirty+refaults+rdist,matmul,train,0.8698,0.0773,12,0
matmul_train,matmul,rec+ref+aging+sfreq+idle+age+dirty,matmul,train,0.8722,0.0743,12,0
matmul_train,matmul,rec+ref+aging+sfreq+idle+age+dirty+refaults+rdist,matmul,train,0.8725,0.0715,12,0
matmul_train,matmul,rec+sd,matmul,train,0.8206,0.1622,12,0
matmul_train,matmul,rec+sd+ref+aging+sfreq+idle+age+dirty,matmul,train,0.7589,0.2354,12,0
matmul_train,matmul,rec+sd+ref+aging+sfreq+idle+age+dirty+refaults+rdist,matmul,train,0.7767,0.2267,12,0
matmul_train,matmul,rec+sd+wr,matmul,train,0.8278,0.1440,12,0
matmul_train,matmul,rec+sd+wr+ref+aging+sfreq+idle+age+dirty,matmul,train,0.7581,0.2376,12,0
matmul_train,matmul,rec+sd+wr+ref+aging+sfreq+idle+age+dirty+refaults+rdist,matmul,train,0.7862,0.1872,12,0
matmul_train,matmul,rec+wr,matmul,train,0.7478,0.2681,12,0
matmul_train,matmul,rec+wr+ref+aging+sfreq+idle+age+dirty,matmul,train,0.9449,-0.0668,12,0
matmul_train,matmul,rec+wr+ref+aging+sfreq+idle+age+dirty+refaults+rdist,matmul,train,0.8768,0.0607,12,0
matmul_train,matmul,ref,matmul,train,0.8587,0.0875,12,0
matmul_train,matmul,ref+age,matmul,train,0.9809,-0.3571,12,1
matmul_train,matmul,ref+age+dirty,matmul,train,0.9780,-0.3519,12,1
matmul_train,matmul,ref+age+dirty+rdist,matmul,train,0.9049,-0.2216,12,1
matmul_train,matmul,ref+age+dirty+refaults,matmul,train,0.9525,-0.3153,12,1
matmul_train,matmul,ref+age+dirty+refaults+rdist,matmul,train,0.8943,-0.2042,12,1
matmul_train,matmul,ref+age+rdist,matmul,train,0.9084,-0.2282,12,1
matmul_train,matmul,ref+age+refaults,matmul,train,0.9831,-0.3607,12,1
matmul_train,matmul,ref+age+refaults+rdist,matmul,train,0.9082,-0.2278,12,1
matmul_train,matmul,ref+aging,matmul,train,0.8512,0.1044,12,0
matmul_train,matmul,ref+aging+age,matmul,train,0.8882,0.0300,12,0
matmul_train,matmul,ref+aging+age+dirty,matmul,train,0.8858,0.0346,12,0
matmul_train,matmul,ref+aging+age+dirty+rdist,matmul,train,0.8374,0.1039,12,0
matmul_train,matmul,ref+aging+age+dirty+refaults,matmul,train,0.8058,0.1459,12,0
matmul_train,matmul,ref+aging+age+dirty+refaults+rdist,matmul,train,0.8371,0.0920,12,0
matmul_train,matmul,ref+aging+age+rdist,matmul,train,0.8523,0.0580,12,0
matmul_train,matmul,ref+aging+age+refaults,matmul,train,0.8888,0.0293,12,0
matmul_train,matmul,ref+aging+age+refaults+rdist,matmul,train,0.8420,0.0851,12,0
matmul_train,matmul,ref+aging+dirty,matmul,train,0.7523,0.2592,12,0
matmul_train,matmul,ref+aging+dirty+rdist,matmul,train,0.7422,0.2749,12,0
matmul_train,matmul,ref+aging+dirty+refaults,matmul,train,0.7617,0.2394,12,0
matmul_train,matmul,ref+aging+dirty+refaults+rdist,matmul,train,0.7291,0.3132,12,0
matmul_train,matmul,ref+aging+idle,matmul,train,0.8712,0.0553,12,0
matmul_train,matmul,ref+aging+idle+age,matmul,train,0.9109,-0.0372,12,0
matmul_train,matmul,ref+aging+idle+age+dirty,matmul,train,0.8833,0.0404,12,0
matmul_train,matmul,ref+aging+idle+age+dirty+rdist,matmul,train,0.8379,0.1020,12,0
matmul_train,matmul,ref+aging+idle+age+dirty+refaults,matmul,train,0.8266,0.1214,12,0
matmul_train,matmul,ref+aging+idle+age+dirty+refaults+rdist,matmul,train,0.8137,0.1689,12,0
matmul_train,matmul,ref+aging+idle+age+rdist,matmul,train,0.8518,0.0543,12,0
matmul_train,matmul,ref+aging+idle+age+refaults,matmul,train,0.8995,-0.0052,12,0
matmul_train,matmul,ref+aging+idle+age+refaults+rdist,matmul,train,0.9180,-0.2641,12,1
matmul_train,matmul,ref+aging+idle+dirty,matmul,train,0.7542,0.2537,12,0
matmul_train,matmul,ref+aging+idle+dirty+rdist,matmul,train,0.7171,0.3413,12,0
matmul_train,matmul,ref+aging+idle+dirty+refaults,matmul,train,0.7586,0.2482,12,0
matmul_train,matmul,ref+aging+idle+dirty+refaults+rdist,matmul,train,0.7172,0.3437,12,0
matmul_train,matmul,ref+aging+idle+rdist,matmul,train,0.8296,0.1324,12,0
matmul_train,matmul,ref+aging+idle+refaults,matmul,train,0.8538,0.0810,12,0
matmul_train,matmul,ref+aging+idle+refaults+rdist,matmul,train,0.8131,0.1610,12,0
matmul_train,matmul,ref+aging+rdist,matmul,train,0.8201,0.1628,12,0
matmul_train,matmul,ref+aging+refaults,matmul,train,0.8324,0.1374,12,0
matmul_train,matmul,ref+aging+refaults+rdist,matmul,train,0.8014,0.1982,12,0
matmul_train,matmul,ref+aging+sfreq,matmul,train,0.8907,0.0236,12,0
matmul_train,matmul,ref+aging+sfreq+age,matmul,train,0.8765,0.0642,12,0
matmul_train,matmul,ref+aging+sfreq+age+dirty,matmul,train,0.8752,0.0673,12,0
matmul_train,matmul,ref+aging+sfreq+age+dirty+rdist,matmul,train,0.8611,0.0966,12,0
matmul_train,matmul,ref+aging+sfreq+age+dirty+refaults,matmul,train,0.8300,0.1442,12,0
matmul_train,matmul,ref+aging+sfreq+age+dirty+refaults+rdist,matmul,train,0.8654,0.0711,12,0
matmul_train,matmul,ref+aging+sfreq+age+rdist,matmul,train,0.8570,0.0991,12,0
matmul_train,matmul,ref+aging+sfreq+age+refaults,matmul,train,0.8709,0.0749,12,0
matmul_train,matmul,ref+aging+sfreq+age+refaults+rdist,matmul,train,0.8937,0.0123,12,0
matmul_train,matmul,ref+aging+sfreq+dirty,matmul,train,0.8859,0.0342,12,0
matmul_train,matmul,ref+aging+sfreq+dirty+rdist,matmul,train,0.8967,-0.1956,12,1
matmul_train,matmul,ref+aging+sfreq+dirty+refaults,matmul,train,0.8048,0.1492,12,0
matmul_train,matmul,ref+aging+sfreq+dirty+refaults+rdist,matmul,train,0.8342,0.0717,12,0
matmul_train,matmul,ref+aging+sfreq+idle,matmul,train,0.9094,-0.0321,12,0
matmul_train,matmul,ref+aging+sfreq+idle+age,matmul,train,0.8934,0.0181,12,0
matmul_train,matmul,ref+aging+sfreq+idle+age+dirty,matmul,train,0.8785,0.0576,12,0
matmul_train,matmul,ref+aging+sfreq+idle+age+dirty+rdist,matmul,train,0.8900,0.0148,12,0
matmul_train,matmul,ref+aging+sfreq+idle+age+dirty+refaults,matmul,train,0.8530,0.1057,12,0
matmul_train,matmul,ref+aging+sfreq+idle+age+dirty+refaults+rdist,matmul,train,0.8649,0.0722,12,0
matmul_train,matmul,ref+aging+sfreq+idle+age+rdist,matmul,train,0.9382,-0.2562,12,1
matmul_train,matmul,ref+aging+sfreq+idle+age+refaults,matmul,train,0.8865,0.0352,12,0
matmul_train,matmul,ref+aging+sfreq+idle+age+refaults+rdist,matmul,train,0.8936,0.0108,12,0
matmul_train,matmul,ref+aging+sfreq+idle+dirty,matmul,train,0.8833,0.0404,12,0
matmul_train,matmul,ref+aging+sfreq+idle+dirty+rdist,matmul,train,0.8297,0.1297,12,0
matmul_train,matmul,ref+aging+sfreq+idle+dirty+refaults,matmul,train,0.8214,0.0857,12,0
matmul_train,matmul,ref+aging+sfreq+idle+dirty+refaults+rdist,matmul,train,0.8045,0.1769,12,0
matmul_train,matmul,ref+aging+sfreq+idle+rdist,matmul,train,0.8519,0.0540,12,0
matmul_train,matmul,ref+aging+sfreq+idle+refaults,matmul,train,0.9029,-0.0140,12,0
matmul_train,matmul,ref+aging+sfreq+idle+refaults+rdist,matmul,train,0.9162,-0.2611,12,1
matmul_train,matmul,ref+aging+sfreq+rdist,matmul,train,0.9027,-0.2090,12,1
matmul_train,matmul,ref+aging+sfreq+refaults,matmul,train,0.8904,0.0258,12,0
matmul_train,matmul,ref+aging+sfreq+refaults+rdist,matmul,train,0.8650,0.0055,12,0
matmul_train,matmul,ref+dirty,matmul,train,0.7459,0.2768,12,0
matmul_train,matmul,ref+dirty+rdist,matmul,train,0.7218,0.3299,12,0
matmul_train,matmul,ref+dirty+refaults,matmul,train,0.7598,0.2528,12,0
matmul_train,matmul,ref+dirty+refaults+rdist,matmul,train,0.7221,0.3294,12,0
matmul_train,matmul,ref+idle,matmul,train,0.8599,0.0845,12,0
matmul_train,matmul,ref+idle+age,matmul,train,0.8738,0.0635,12,0
matmul_train,matmul,ref+idle+age+dirty,matmul,train,0.8920,0.0180,12,0
matmul_train,matmul,ref+idle+age+dirty+rdist,matmul,train,0.7929,0.2245,12,0
matmul_train,matmul,ref+idle+age+dirty+refaults,matmul,train,0.8074,0.1424,12,0
matmul_train,matmul,ref+idle+age+dirty+refaults+rdist,matmul,train,0.8114,0.1707,12,0
matmul_train,matmul,ref+idle+age+rdist,matmul,train,0.8096,0.1843,12,0
matmul_train,matmul,ref+idle+age+refaults,matmul,train,0.8783,0.0541,12,0
matmul_train,matmul,ref+idle+age+refaults+rdist,matmul,train,0.8154,0.1690,12,0
matmul_train,matmul,ref+idle+dirty,matmul,train,0.7488,0.2690,12,0
matmul_train,matmul,ref+idle+dirty+rdist,matmul,train,0.7171,0.3414,12,0
matmul_train,matmul,ref+idle+dirty+refaults,matmul,train,0.7585,0.2484,12,0
matmul_train,matmul,ref+idle+dirty+refaults+rdist,matmul,train,0.7174,0.3409,12,0
matmul_train,matmul,ref+idle+rdist,matmul,train,0.8244,0.1499,12,0
matmul_train,matmul,ref+idle+refaults,matmul,train,0.8371,0.1262,12,0
matmul_train,matmul,ref+idle+refaults+rdist,matmul,train,0.8026,0.1936,12,0
matmul_train,matmul,ref+rdist,matmul,train,0.8032,0.2013,12,0
matmul_train,matmul,ref+refaults,matmul,train,0.8347,0.1387,12,0
matmul_train,matmul,ref+refaults+rdist,matmul,train,0.7861,0.2333,12,0
matmul_train,matmul,ref+sfreq,matmul,train,0.9809,-0.3571,12,1
matmul_train,matmul,ref+sfreq+age,matmul,train,0.9736,-0.3325,12,1
matmul_train,matmul,ref+sfreq+age+dirty,matmul,train,0.9707,-0.3272,12,1
matmul_train,matmul,ref+sfreq+age+dirty+rdist,matmul,train,0.9031,-0.2182,12,1
matmul_train,matmul,ref+sfreq+age+dirty+refaults,matmul,train,0.9608,-0.3129,12,1
matmul_train,matmul,ref+sfreq+age+dirty+refaults+rdist,matmul,train,0.9036,-0.2190,12,1
matmul_train,matmul,ref+sfreq+age+rdist,matmul,train,0.9086,-0.2284,12,1
matmul_train,matmul,ref+sfreq+age+refaults,matmul,train,0.9737,-0.3327,12,1
matmul_train,matmul,ref+sfreq+age+refaults+rdist,matmul,train,0.9097,-0.2300,12,1
matmul_train,matmul,ref+sfreq+dirty,matmul,train,0.9780,-0.3519,12,1
matmul_train,matmul,ref+sfreq+dirty+rdist,matmul,train,0.9049,-0.2216,12,1
matmul_train,matmul,ref+sfreq+dirty+refaults,matmul,train,0.9395,-0.2969,12,1
matmul_train,matmul,ref+sfreq+dirty+refaults+rdist,matmul,train,0.8780,-0.1784,12,1
matmul_train,matmul,ref+sfreq+idle,matmul,train,0.8791,0.0518,12,0
matmul_train,matmul,ref+sfreq+idle+age,matmul,train,0.8772,0.0559,12,0
matmul_train,matmul,ref+sfreq+idle+age+dirty,matmul,train,0.8854,0.0352,12,0
matmul_train,matmul,ref+sfreq+idle+age+dirty+rdist,matmul,train,0.8162,0.1695,12,0
matmul_train,matmul,ref+sfreq+idle+age+dirty+refaults,matmul,train,0.8423,0.1070,12,0
matmul_train,matmul,ref+sfreq+idle+age+dirty+refaults+rdist,matmul,train,0.8414,0.1283,12,0
matmul_train,matmul,ref+sfreq+idle+age+rdist,matmul,train,0.8080,0.1924,12,0
matmul_train,matmul,ref+sfreq+idle+age+refaults,matmul,train,0.8780,0.0519,12,0
matmul_train,matmul,ref+sfreq+idle+age+refaults+rdist,matmul,train,0.8648,0.0788,12,0
matmul_train,matmul,ref+sfreq+idle+dirty,matmul,train,0.8917,0.0188,12,0
matmul_train,matmul,ref+sfreq+idle+dirty+rdist,matmul,train,0.7972,0.2101,12,0
matmul_train,matmul,ref+sfreq+idle+dirty+refaults,matmul,train,0.8077,0.1405,12,0
matmul_train,matmul,ref+sfreq+idle+dirty+refaults+rdist,matmul,train,0.7927,0.2100,12,0
matmul_train,matmul,ref+sfreq+idle+rdist,matmul,train,0.8229,0.1522,12,0
matmul_train,matmul,ref+sfreq+idle+refaults,matmul,train,0.8793,0.0515,12,0
matmul_train,matmul,ref+sfreq+idle+refaults+rdist,matmul,train,0.8176,0.1620,12,0
matmul_train,matmul,ref+sfreq+rdist,matmul,train,0.9084,-0.2282,12,1
matmul_train,matmul,ref+sfreq+refaults,matmul,train,0.9817,-0.3585,12,1
matmul_train,matmul,ref+sfreq+refaults+rdist,matmul,train,0.9050,-0.2225,12,1
matmul_train,matmul,refaults,matmul,train,0.9840,-0.3438,12,1
matmul_train,matmul,refaults+rdist,matmul,train,0.9474,-0.2747,12,1
matmul_train,matmul,sd,matmul,train,0.8206,0.1622,12,0
matmul_train,matmul,sd+ref+aging+sfreq+idle+age+dirty,matmul,train,0.7553,0.2478,12,0
matmul_train,matmul,sd+ref+aging+sfreq+idle+age+dirty+refaults+rdist,matmul,train,0.7760,0.2256,12,0
matmul_train,matmul,sd+wr,matmul,train,0.8235,0.1552,12,0
matmul_train,matmul,sd+wr+ref+aging+sfreq+idle+age+dirty,matmul,train,0.7818,0.1959,12,0
matmul_train,matmul,sd+wr+ref+aging+sfreq+idle+age+dirty+refaults+rdist,matmul,train,0.7648,0.2183,12,0
matmul_train,matmul,sfreq,matmul,train,0.9809,-0.3571,12,1
matmul_train,matmul,sfreq+age,matmul,train,0.9873,-0.3801,12,1
matmul_train,matmul,sfreq+age+dirty,matmul,train,0.9843,-0.3748,12,1
matmul_train,matmul,sfreq+age+dirty+rdist,matmul,train,0.9040,-0.2199,12,1
matmul_train,matmul,sfreq+age+dirty+refaults,matmul,train,0.8870,-0.2444,12,1
matmul_train,matmul,sfreq+age+dirty+refaults+rdist,matmul,train,0.8781,-0.1783,12,1
matmul_train,matmul,sfreq+age+rdist,matmul,train,0.9165,-0.2574,12,1
matmul_train,matmul,sfreq+age+refaults,matmul,train,0.9737,-0.3590,12,1
matmul_train,matmul,sfreq+age+refaults+rdist,matmul,train,0.9043,-0.2374,12,1
matmul_train,matmul,sfreq+dirty,matmul,train,0.9780,-0.3519,12,1
matmul_train,matmul,sfreq+dirty+rdist,matmul,train,0.9034,-0.2187,12,1
matmul_train,matmul,sfreq+dirty+refaults,matmul,train,0.8864,-0.2315,12,1
matmul_train,matmul,sfreq+dirty+refaults+rdist,matmul,train,0.8901,-0.1972,12,1
matmul_train,matmul,sfreq+idle,matmul,train,0.8786,0.0533,12,0
matmul_train,matmul,sfreq+idle+age,matmul,train,0.8786,0.0527,12,0
matmul_train,matmul,sfreq+idle+age+dirty,matmul,train,0.8847,0.0371,12,0
matmul_train,matmul,sfreq+idle+age+dirty+rdist,matmul,train,0.8163,0.1696,12,0
matmul_train,matmul,sfreq+idle+age+dirty+refaults,matmul,train,0.8503,0.0952,12,0
matmul_train,matmul,sfreq+idle+age+dirty+refaults+rdist,matmul,train,0.8396,0.1309,12,0
matmul_train,matmul,sfreq+idle+age+rdist,matmul,train,0.8088,0.1907,12,0
matmul_train,matmul,sfreq+idle+age+refaults,matmul,train,0.8759,0.0573,12,0
matmul_train,matmul,sfreq+idle+age+refaults+rdist,matmul,train,0.8456,0.1215,12,0
matmul_train,matmul,sfreq+idle+dirty,matmul,train,0.8852,0.0362,12,0
matmul_train,matmul,sfreq+idle+dirty+rdist,matmul,train,0.7992,0.2119,12,0
matmul_train,matmul,sfreq+idle+dirty+refaults,matmul,train,0.8736,0.0520,12,0
matmul_train,matmul,sfreq+idle+dirty+refaults+rdist,matmul,train,0.7764,0.2528,12,0
matmul_train,matmul,sfreq+idle+rdist,matmul,train,0.8219,0.1535,12,0
matmul_train,matmul,sfreq+idle+refaults,matmul,train,0.8806,0.0484,12,0
matmul_train,matmul,sfreq+idle+refaults+rdist,matmul,train,0.8179,0.1612,12,0
matmul_train,matmul,sfreq+rdist,matmul,train,0.9084,-0.2282,12,1
matmul_train,matmul,sfreq+refaults,matmul,train,0.9690,-0.3404,12,1
matmul_train,matmul,sfreq+refaults+rdist,matmul,train,0.9310,-0.2672,12,1
matmul_train,matmul,wr,matmul,train,0.7678,0.1992,12,0
matmul_train,matmul,wr+ref+aging+sfreq+idle+age+dirty,matmul,train,0.9607,-0.1243,12,0
matmul_train,matmul,wr+ref+aging+sfreq+idle+age+dirty+refaults+rdist,matmul,train,0.8722,0.0506,12,0
