model,kind,scope,features,protect_age,selection_geo_ratio,workload,split,geo_ratio_vs_clock,mean_gap_closed,geo_ratio_vs_lru,geo_writebacks_vs_clock,cells,censored
embed_btree,embed,btree,,2,2.3839,btree,heldout,1.4832,-1.3252,1.4907,0.9637,5,0
embed_btree,embed,btree,,2,2.3839,btree,test,2.4562,-3.2727,2.4599,1.2132,4,1
embed_global,embed,global,,0,1.2920,btree,heldout,1.2176,-0.6704,1.2238,0.9732,5,0
embed_global,embed,global,,0,1.2920,btree,test,2.2234,-2.7212,2.2268,0.9334,4,0
embed_global,embed,global,,0,1.2920,graph,heldout,2.9266,-3.0925,2.9290,1.0489,3,0
embed_global,embed,global,,0,1.2920,graph,test,3.0000,-3.2280,3.0731,3.0000,3,3
embed_global,embed,global,,0,1.2920,kv,heldout,0.9551,0.1087,0.9719,0.9547,5,0
embed_global,embed,global,,0,1.2920,kv,test,1.0113,-0.0378,1.0260,0.8796,6,0
embed_global,embed,global,,0,1.2920,matmul,heldout,1.6277,-6.4876,1.6292,7.5462,2,0
embed_global,embed,global,,0,1.2920,sort,heldout,3.0000,-24.4387,3.0000,3.0000,3,3
embed_global,embed,global,,0,1.2920,sort,test,0.9725,0.1678,1.0199,0.9895,2,0
embed_graph,embed,graph,,0,3.0000,graph,heldout,3.0000,-3.2102,3.0024,3.0000,3,3
embed_graph,embed,graph,,0,3.0000,graph,test,3.0000,-3.2280,3.0731,3.0000,3,3
embed_kv,embed,kv,,2,0.8528,kv,heldout,0.8167,0.4443,0.8310,0.8158,5,0
embed_kv,embed,kv,,2,0.8528,kv,test,0.8467,0.3364,0.8591,0.8314,6,0
embed_matmul,embed,matmul,,0,0.6175,matmul,heldout,1.7915,-7.6944,1.7932,1.7321,2,1
embed_sort,embed,sort,,2,1.1102,sort,heldout,1.1705,-2.0839,1.1705,1.0430,3,0
embed_sort,embed,sort,,2,1.1102,sort,test,1.1025,-1.3726,1.1562,1.0037,2,0
gru_btree,gru,btree,,0,0.7867,btree,heldout,0.8307,0.4535,0.8349,0.9510,5,0
gru_btree,gru,btree,,0,0.7867,btree,test,0.7843,0.4786,0.7855,0.9233,4,0
gru_global,gru,global,,0,0.7769,btree,heldout,0.8456,0.4134,0.8500,0.9614,5,0
gru_global,gru,global,,0,0.7769,btree,test,0.7956,0.4536,0.7968,0.9392,4,0
gru_global,gru,global,,0,0.7769,graph,heldout,0.4487,0.8849,0.4491,0.1867,3,0
gru_global,gru,global,,0,0.7769,graph,test,0.5959,0.6664,0.6105,0.0993,3,0
gru_global,gru,global,,0,0.7769,kv,heldout,1.1327,-0.3218,1.1525,1.1296,5,0
gru_global,gru,global,,0,0.7769,kv,test,0.8955,0.2425,0.9085,0.8800,6,0
gru_global,gru,global,,0,0.7769,matmul,heldout,0.9691,0.1649,0.9701,0.0525,2,0
gru_global,gru,global,,0,0.7769,sort,heldout,1.0053,-0.0645,1.0053,0.9987,3,0
gru_global,gru,global,,0,0.7769,sort,test,0.9555,0.3236,1.0020,0.9685,2,0
gru_graph,gru,graph,,2,0.6310,graph,heldout,0.4841,0.8281,0.4845,0.3751,3,0
gru_graph,gru,graph,,2,0.6310,graph,test,0.6316,0.6086,0.6470,0.1273,3,0
gru_kv,gru,kv,,2,0.8594,kv,heldout,0.9817,0.0443,0.9989,0.9816,5,0
gru_kv,gru,kv,,2,0.8594,kv,test,0.8542,0.3266,0.8667,0.8450,6,0
gru_matmul,gru,matmul,,0,0.6560,matmul,heldout,0.9694,0.1632,0.9703,0.0876,2,0
gru_sort,gru,sort,,2,0.9648,sort,heldout,1.0000,0.0000,1.0000,0.9980,3,0
gru_sort,gru,sort,,2,0.9648,sort,test,0.9567,0.3272,1.0033,0.9693,2,0
mlp_btree_rec+freq+sd+wr,mlp,btree,rec+freq+sd+wr,0,0.8001,btree,heldout,0.8644,0.3631,0.8688,0.9632,5,0
mlp_btree_rec+freq+sd+wr,mlp,btree,rec+freq+sd+wr,0,0.8001,btree,test,0.7981,0.4474,0.7993,0.9473,4,0
mlp_btree_rec+freq+sd+wr+ref+aging+sfreq+idle+age+dirty+refaults+rdist,mlp,btree,rec+freq+sd+wr+ref+aging+sfreq+idle+age+dirty+refaults+rdist,0,0.7973,btree,heldout,0.8321,0.4496,0.8364,0.9593,5,0
mlp_btree_rec+freq+sd+wr+ref+aging+sfreq+idle+age+dirty+refaults+rdist,mlp,btree,rec+freq+sd+wr+ref+aging+sfreq+idle+age+dirty+refaults+rdist,0,0.7973,btree,test,0.7925,0.4598,0.7937,0.9159,4,0
mlp_btree_ref+aging+sfreq+idle+age+dirty,mlp,btree,ref+aging+sfreq+idle+age+dirty,2,0.7987,btree,heldout,0.9073,0.2484,0.9119,0.9660,5,0
mlp_btree_ref+aging+sfreq+idle+age+dirty,mlp,btree,ref+aging+sfreq+idle+age+dirty,2,0.7987,btree,test,0.7980,0.4484,0.7992,0.9302,4,0
mlp_btree_ref+aging+sfreq+idle+age+dirty+refaults+rdist,mlp,btree,ref+aging+sfreq+idle+age+dirty+refaults+rdist,0,0.7898,btree,heldout,0.8840,0.3107,0.8885,0.9659,5,0
mlp_btree_ref+aging+sfreq+idle+age+dirty+refaults+rdist,mlp,btree,ref+aging+sfreq+idle+age+dirty+refaults+rdist,0,0.7898,btree,test,0.7860,0.4750,0.7871,0.9340,4,0
mlp_global_rec+freq+sd+wr,mlp,global,rec+freq+sd+wr,0,0.8071,btree,heldout,0.8669,0.3565,0.8713,0.9681,5,0
mlp_global_rec+freq+sd+wr,mlp,global,rec+freq+sd+wr,0,0.8071,btree,test,0.8292,0.3784,0.8305,0.9460,4,0
mlp_global_rec+freq+sd+wr,mlp,global,rec+freq+sd+wr,0,0.8071,graph,heldout,0.4671,0.8553,0.4675,0.3573,3,0
mlp_global_rec+freq+sd+wr,mlp,global,rec+freq+sd+wr,0,0.8071,graph,test,0.6154,0.6346,0.6304,0.1062,3,0
mlp_global_rec+freq+sd+wr,mlp,global,rec+freq+sd+wr,0,0.8071,kv,heldout,1.0459,-0.1112,1.0642,1.0461,5,0
mlp_global_rec+freq+sd+wr,mlp,global,rec+freq+sd+wr,0,0.8071,kv,test,0.9383,0.1310,0.9521,0.8858,6,0
mlp_global_rec+freq+sd+wr,mlp,global,rec+freq+sd+wr,0,0.8071,matmul,heldout,0.9990,0.0074,1.0000,0.9919,2,0
mlp_global_rec+freq+sd+wr,mlp,global,rec+freq+sd+wr,0,0.8071,sort,heldout,0.9847,0.1871,0.9847,0.9887,3,0
mlp_global_rec+freq+sd+wr,mlp,global,rec+freq+sd+wr,0,0.8071,sort,test,0.9445,0.4680,0.9904,0.9664,2,0
mlp_global_rec+freq+sd+wr+ref+aging+sfreq+idle+age+dirty+refaults+rdist,mlp,global,rec+freq+sd+wr+ref+aging+sfreq+idle+age+dirty+refaults+rdist,0,0.7979,btree,heldout,0.8301,0.4551,0.8343,0.9644,5,0
mlp_global_rec+freq+sd+wr+ref+aging+sfreq+idle+age+dirty+refaults+rdist,mlp,global,rec+freq+sd+wr+ref+aging+sfreq+idle+age+dirty+refaults+rdist,0,0.7979,btree,test,0.7997,0.4434,0.8009,0.9056,4,0
mlp_global_rec+freq+sd+wr+ref+aging+sfreq+idle+age+dirty+refaults+rdist,mlp,global,rec+freq+sd+wr+ref+aging+sfreq+idle+age+dirty+refaults+rdist,0,0.7979,graph,heldout,0.4608,0.8654,0.4612,0.1274,3,0
mlp_global_rec+freq+sd+wr+ref+aging+sfreq+idle+age+dirty+refaults+rdist,mlp,global,rec+freq+sd+wr+ref+aging+sfreq+idle+age+dirty+refaults+rdist,0,0.7979,graph,test,0.7864,0.2602,0.8056,0.1388,3,0
mlp_global_rec+freq+sd+wr+ref+aging+sfreq+idle+age+dirty+refaults+rdist,mlp,global,rec+freq+sd+wr+ref+aging+sfreq+idle+age+dirty+refaults+rdist,0,0.7979,kv,heldout,0.9073,0.2248,0.9232,0.9067,5,0
mlp_global_rec+freq+sd+wr+ref+aging+sfreq+idle+age+dirty+refaults+rdist,mlp,global,rec+freq+sd+wr+ref+aging+sfreq+idle+age+dirty+refaults+rdist,0,0.7979,kv,test,0.8990,0.2282,0.9121,0.8604,6,0
mlp_global_rec+freq+sd+wr+ref+aging+sfreq+idle+age+dirty+refaults+rdist,mlp,global,rec+freq+sd+wr+ref+aging+sfreq+idle+age+dirty+refaults+rdist,0,0.7979,matmul,heldout,0.9358,0.3986,0.9367,1.0946,2,0
mlp_global_rec+freq+sd+wr+ref+aging+sfreq+idle+age+dirty+refaults+rdist,mlp,global,rec+freq+sd+wr+ref+aging+sfreq+idle+age+dirty+refaults+rdist,0,0.7979,sort,heldout,0.9556,0.5419,0.9556,0.9476,3,0
mlp_global_rec+freq+sd+wr+ref+aging+sfreq+idle+age+dirty+refaults+rdist,mlp,global,rec+freq+sd+wr+ref+aging+sfreq+idle+age+dirty+refaults+rdist,0,0.7979,sort,test,0.9192,0.7751,0.9640,0.9369,2,0
mlp_global_ref+aging+sfreq+idle+age+dirty,mlp,global,ref+aging+sfreq+idle+age+dirty,0,0.8622,btree,heldout,0.8769,0.3296,0.8814,0.9674,5,0
mlp_global_ref+aging+sfreq+idle+age+dirty,mlp,global,ref+aging+sfreq+idle+age+dirty,0,0.8622,btree,test,0.8143,0.4122,0.8155,0.9265,4,0
mlp_global_ref+aging+sfreq+idle+age+dirty,mlp,global,ref+aging+sfreq+idle+age+dirty,0,0.8622,graph,heldout,0.5363,0.7443,0.5367,0.2381,3,0
mlp_global_ref+aging+sfreq+idle+age+dirty,mlp,global,ref+aging+sfreq+idle+age+dirty,0,0.8622,graph,test,0.6189,0.6293,0.6339,0.2991,3,0
mlp_global_ref+aging+sfreq+idle+age+dirty,mlp,global,ref+aging+sfreq+idle+age+dirty,0,0.8622,kv,heldout,1.0401,-0.0974,1.0583,1.0403,5,0
mlp_global_ref+aging+sfreq+idle+age+dirty,mlp,global,ref+aging+sfreq+idle+age+dirty,0,0.8622,kv,test,1.0020,-0.0205,1.0166,1.2552,6,0
mlp_global_ref+aging+sfreq+idle+age+dirty,mlp,global,ref+aging+sfreq+idle+age+dirty,0,0.8622,matmul,heldout,1.1514,-1.2224,1.1525,4.7891,2,0
mlp_global_ref+aging+sfreq+idle+age+dirty,mlp,global,ref+aging+sfreq+idle+age+dirty,0,0.8622,sort,heldout,0.9919,0.0989,0.9919,0.9686,3,0
mlp_global_ref+aging+sfreq+idle+age+dirty,mlp,global,ref+aging+sfreq+idle+age+dirty,0,0.8622,sort,test,1.0046,0.0518,1.0535,1.0154,2,0
mlp_global_ref+aging+sfreq+idle+age+dirty+refaults+rdist,mlp,global,ref+aging+sfreq+idle+age+dirty+refaults+rdist,0,0.7974,btree,heldout,0.8673,0.3553,0.8718,0.9688,5,0
mlp_global_ref+aging+sfreq+idle+age+dirty+refaults+rdist,mlp,global,ref+aging+sfreq+idle+age+dirty+refaults+rdist,0,0.7974,btree,test,0.7984,0.4471,0.7996,0.9289,4,0
mlp_global_ref+aging+sfreq+idle+age+dirty+refaults+rdist,mlp,global,ref+aging+sfreq+idle+age+dirty+refaults+rdist,0,0.7974,graph,heldout,0.6594,0.5468,0.6599,0.3888,3,0
mlp_global_ref+aging+sfreq+idle+age+dirty+refaults+rdist,mlp,global,ref+aging+sfreq+idle+age+dirty+refaults+rdist,0,0.7974,graph,test,0.6351,0.6012,0.6506,0.1212,3,0
mlp_global_ref+aging+sfreq+idle+age+dirty+refaults+rdist,mlp,global,ref+aging+sfreq+idle+age+dirty+refaults+rdist,0,0.7974,kv,heldout,0.9919,0.0195,1.0093,0.9911,5,0
mlp_global_ref+aging+sfreq+idle+age+dirty+refaults+rdist,mlp,global,ref+aging+sfreq+idle+age+dirty+refaults+rdist,0,0.7974,kv,test,0.9497,0.1094,0.9636,0.8902,6,0
mlp_global_ref+aging+sfreq+idle+age+dirty+refaults+rdist,mlp,global,ref+aging+sfreq+idle+age+dirty+refaults+rdist,0,0.7974,matmul,heldout,0.9064,0.5262,0.9073,1.1360,2,0
mlp_global_ref+aging+sfreq+idle+age+dirty+refaults+rdist,mlp,global,ref+aging+sfreq+idle+age+dirty+refaults+rdist,0,0.7974,sort,heldout,1.3713,-4.5376,1.3713,1.2723,3,0
mlp_global_ref+aging+sfreq+idle+age+dirty+refaults+rdist,mlp,global,ref+aging+sfreq+idle+age+dirty+refaults+rdist,0,0.7974,sort,test,1.0484,-0.4318,1.0995,1.0395,2,0
mlp_graph_rec+freq+sd+wr,mlp,graph,rec+freq+sd+wr,2,0.6154,graph,heldout,0.4729,0.8461,0.4732,0.3310,3,0
mlp_graph_rec+freq+sd+wr,mlp,graph,rec+freq+sd+wr,2,0.6154,graph,test,0.6271,0.6148,0.6424,0.1166,3,0
mlp_graph_rec+freq+sd+wr+ref+aging+sfreq+idle+age+dirty+refaults+rdist,mlp,graph,rec+freq+sd+wr+ref+aging+sfreq+idle+age+dirty+refaults+rdist,2,0.6266,graph,heldout,0.4798,0.8350,0.4802,0.3547,3,0
mlp_graph_rec+freq+sd+wr+ref+aging+sfreq+idle+age+dirty+refaults+rdist,mlp,graph,rec+freq+sd+wr+ref+aging+sfreq+idle+age+dirty+refaults+rdist,2,0.6266,graph,test,0.6412,0.5891,0.6568,0.0972,3,0
mlp_graph_ref+aging+sfreq+idle+age+dirty,mlp,graph,ref+aging+sfreq+idle+age+dirty,2,0.6312,graph,heldout,0.5086,0.7887,0.5090,0.1011,3,0
mlp_graph_ref+aging+sfreq+idle+age+dirty,mlp,graph,ref+aging+sfreq+idle+age+dirty,2,0.6312,graph,test,0.6255,0.6181,0.6407,0.1208,3,0
mlp_graph_ref+aging+sfreq+idle+age+dirty+refaults+rdist,mlp,graph,ref+aging+sfreq+idle+age+dirty+refaults+rdist,2,0.6243,graph,heldout,0.4950,0.8105,0.4954,0.1768,3,0
mlp_graph_ref+aging+sfreq+idle+age+dirty+refaults+rdist,mlp,graph,ref+aging+sfreq+idle+age+dirty+refaults+rdist,2,0.6243,graph,test,0.6222,0.6232,0.6374,0.1105,3,0
mlp_kv_rec+freq+sd+wr,mlp,kv,rec+freq+sd+wr,0,0.9047,kv,heldout,0.9063,0.2272,0.9222,0.9058,5,0
mlp_kv_rec+freq+sd+wr,mlp,kv,rec+freq+sd+wr,0,0.9047,kv,test,0.8990,0.2270,0.9122,0.8756,6,0
mlp_kv_rec+freq+sd+wr+ref+aging+sfreq+idle+age+dirty+refaults+rdist,mlp,kv,rec+freq+sd+wr+ref+aging+sfreq+idle+age+dirty+refaults+rdist,0,0.8440,kv,heldout,0.8675,0.3214,0.8827,0.8668,5,0
mlp_kv_rec+freq+sd+wr+ref+aging+sfreq+idle+age+dirty+refaults+rdist,mlp,kv,rec+freq+sd+wr+ref+aging+sfreq+idle+age+dirty+refaults+rdist,0,0.8440,kv,test,0.8346,0.3709,0.8468,0.8325,6,0
mlp_kv_ref+aging+sfreq+idle+age+dirty,mlp,kv,ref+aging+sfreq+idle+age+dirty,2,0.8976,kv,heldout,0.8995,0.2437,0.9152,0.8990,5,0
mlp_kv_ref+aging+sfreq+idle+age+dirty,mlp,kv,ref+aging+sfreq+idle+age+dirty,2,0.8976,kv,test,0.8929,0.2391,0.9059,0.9060,6,0
mlp_kv_ref+aging+sfreq+idle+age+dirty+refaults+rdist,mlp,kv,ref+aging+sfreq+idle+age+dirty+refaults+rdist,2,0.8602,kv,heldout,0.8498,0.3643,0.8647,0.8490,5,0
mlp_kv_ref+aging+sfreq+idle+age+dirty+refaults+rdist,mlp,kv,ref+aging+sfreq+idle+age+dirty+refaults+rdist,2,0.8602,kv,test,0.8517,0.3317,0.8641,0.8588,6,0
mlp_matmul_rec+freq+sd+wr,mlp,matmul,rec+freq+sd+wr,0,0.7251,matmul,heldout,0.9986,0.0109,0.9995,0.9919,2,0
mlp_matmul_rec+freq+sd+wr+ref+aging+sfreq+idle+age+dirty+refaults+rdist,mlp,matmul,rec+freq+sd+wr+ref+aging+sfreq+idle+age+dirty+refaults+rdist,0,0.6244,matmul,heldout,0.9639,0.2145,0.9648,0.9919,2,0
mlp_matmul_ref+aging+sfreq+idle+age+dirty,mlp,matmul,ref+aging+sfreq+idle+age+dirty,0,0.6402,matmul,heldout,1.1389,-1.2973,1.1400,3.9350,2,0
mlp_matmul_ref+aging+sfreq+idle+age+dirty+refaults+rdist,mlp,matmul,ref+aging+sfreq+idle+age+dirty+refaults+rdist,0,0.6340,matmul,heldout,0.9663,0.1789,0.9673,0.9202,2,0
mlp_sort_rec+freq+sd+wr,mlp,sort,rec+freq+sd+wr,0,0.9608,sort,heldout,1.0012,-0.0151,1.0012,0.9993,3,0
mlp_sort_rec+freq+sd+wr,mlp,sort,rec+freq+sd+wr,0,0.9608,sort,test,0.9547,0.3293,1.0011,0.9685,2,0
mlp_sort_rec+freq+sd+wr+ref+aging+sfreq+idle+age+dirty+refaults+rdist,mlp,sort,rec+freq+sd+wr+ref+aging+sfreq+idle+age+dirty+refaults+rdist,0,0.9439,sort,heldout,0.9768,0.2839,0.9768,0.9840,3,0
mlp_sort_rec+freq+sd+wr+ref+aging+sfreq+idle+age+dirty+refaults+rdist,mlp,sort,rec+freq+sd+wr+ref+aging+sfreq+idle+age+dirty+refaults+rdist,0,0.9439,sort,test,0.9386,0.5136,0.9843,0.9612,2,0
mlp_sort_ref+aging+sfreq+idle+age+dirty,mlp,sort,ref+aging+sfreq+idle+age+dirty,2,0.9699,sort,heldout,1.0007,-0.0086,1.0007,1.0003,3,0
mlp_sort_ref+aging+sfreq+idle+age+dirty,mlp,sort,ref+aging+sfreq+idle+age+dirty,2,0.9699,sort,test,0.9711,0.2184,1.0184,0.9799,2,0
mlp_sort_ref+aging+sfreq+idle+age+dirty+refaults+rdist,mlp,sort,ref+aging+sfreq+idle+age+dirty+refaults+rdist,0,0.9761,sort,heldout,0.9979,0.0258,0.9979,1.0023,3,0
mlp_sort_ref+aging+sfreq+idle+age+dirty+refaults+rdist,mlp,sort,ref+aging+sfreq+idle+age+dirty+refaults+rdist,0,0.9761,sort,test,0.9649,0.2546,1.0118,0.9805,2,0
rlin_btree_rec+freq+sd+wr,mlp,btree,rec+freq+sd+wr,2,0.8149,btree,heldout,0.8414,0.4247,0.8457,0.9632,5,0
rlin_btree_rec+freq+sd+wr,mlp,btree,rec+freq+sd+wr,2,0.8149,btree,test,0.8108,0.4174,0.8120,0.9358,4,0
rlin_btree_rec+freq+sd+wr+ref+aging+sfreq+idle+age+dirty+refaults+rdist,mlp,btree,rec+freq+sd+wr+ref+aging+sfreq+idle+age+dirty+refaults+rdist,2,0.9706,btree,heldout,0.8730,0.3400,0.8775,0.9525,5,0
rlin_btree_rec+freq+sd+wr+ref+aging+sfreq+idle+age+dirty+refaults+rdist,mlp,btree,rec+freq+sd+wr+ref+aging+sfreq+idle+age+dirty+refaults+rdist,2,0.9706,btree,test,0.9688,0.0521,0.9703,0.8962,4,0
rlin_btree_ref+aging+sfreq+idle+age+dirty,mlp,btree,ref+aging+sfreq+idle+age+dirty,2,1.4192,btree,heldout,1.0993,-0.2663,1.1050,0.9491,5,0
rlin_btree_ref+aging+sfreq+idle+age+dirty,mlp,btree,ref+aging+sfreq+idle+age+dirty,2,1.4192,btree,test,1.3698,-0.8293,1.3718,0.8948,4,0
rlin_btree_ref+aging+sfreq+idle+age+dirty+refaults+rdist,mlp,btree,ref+aging+sfreq+idle+age+dirty+refaults+rdist,2,1.0173,btree,heldout,0.9282,0.1923,0.9329,0.9517,5,0
rlin_btree_ref+aging+sfreq+idle+age+dirty+refaults+rdist,mlp,btree,ref+aging+sfreq+idle+age+dirty+refaults+rdist,2,1.0173,btree,test,1.0058,-0.0149,1.0073,0.8969,4,0
rlin_global_rec+freq+sd+wr,mlp,global,rec+freq+sd+wr,2,1.2767,btree,heldout,0.8340,0.4447,0.8382,0.9603,5,0
rlin_global_rec+freq+sd+wr,mlp,global,rec+freq+sd+wr,2,1.2767,btree,test,0.8610,0.2998,0.8623,0.9191,4,0
rlin_global_rec+freq+sd+wr,mlp,global,rec+freq+sd+wr,2,1.2767,graph,heldout,1.6555,-1.0523,1.6568,1.8387,3,0
rlin_global_rec+freq+sd+wr,mlp,global,rec+freq+sd+wr,2,1.2767,graph,test,3.0000,-3.2280,3.0731,3.0000,3,3
rlin_global_rec+freq+sd+wr,mlp,global,rec+freq+sd+wr,2,1.2767,kv,heldout,1.1454,-0.3526,1.1654,1.1461,5,0
rlin_global_rec+freq+sd+wr,mlp,global,rec+freq+sd+wr,2,1.2767,kv,test,1.3248,-0.8058,1.3442,2.1544,6,0
rlin_global_rec+freq+sd+wr,mlp,global,rec+freq+sd+wr,2,1.2767,matmul,heldout,1.5368,-3.8896,1.5383,5.5967,2,0
rlin_global_rec+freq+sd+wr,mlp,global,rec+freq+sd+wr,2,1.2767,sort,heldout,1.3296,-4.0280,1.3296,1.1862,3,0
rlin_global_rec+freq+sd+wr,mlp,global,rec+freq+sd+wr,2,1.2767,sort,test,1.2635,-2.9984,1.3250,1.1360,2,0
rlin_global_rec+freq+sd+wr+ref+aging+sfreq+idle+age+dirty+refaults+rdist,mlp,global,rec+freq+sd+wr+ref+aging+sfreq+idle+age+dirty+refaults+rdist,2,1.2639,btree,heldout,0.8590,0.3777,0.8634,0.9598,5,0
rlin_global_rec+freq+sd+wr+ref+aging+sfreq+idle+age+dirty+refaults+rdist,mlp,global,rec+freq+sd+wr+ref+aging+sfreq+idle+age+dirty+refaults+rdist,2,1.2639,btree,test,0.9295,0.1342,0.9308,0.9080,4,0
rlin_global_rec+freq+sd+wr+ref+aging+sfreq+idle+age+dirty+refaults+rdist,mlp,global,rec+freq+sd+wr+ref+aging+sfreq+idle+age+dirty+refaults+rdist,2,1.2639,graph,heldout,0.6566,0.5503,0.6572,0.5726,3,0
rlin_global_rec+freq+sd+wr+ref+aging+sfreq+idle+age+dirty+refaults+rdist,mlp,global,rec+freq+sd+wr+ref+aging+sfreq+idle+age+dirty+refaults+rdist,2,1.2639,graph,test,2.2073,-2.0781,2.2611,5.7622,3,0
rlin_global_rec+freq+sd+wr+ref+aging+sfreq+idle+age+dirty+refaults+rdist,mlp,global,rec+freq+sd+wr+ref+aging+sfreq+idle+age+dirty+refaults+rdist,2,1.2639,kv,heldout,0.9806,0.0468,0.9978,0.9805,5,0
rlin_global_rec+freq+sd+wr+ref+aging+sfreq+idle+age+dirty+refaults+rdist,mlp,global,rec+freq+sd+wr+ref+aging+sfreq+idle+age+dirty+refaults+rdist,2,1.2639,kv,test,1.2805,-0.6754,1.2993,2.2389,6,0
rlin_global_rec+freq+sd+wr+ref+aging+sfreq+idle+age+dirty+refaults+rdist,mlp,global,rec+freq+sd+wr+ref+aging+sfreq+idle+age+dirty+refaults+rdist,2,1.2639,matmul,heldout,1.3181,-2.7717,1.3194,5.4684,2,0
rlin_global_rec+freq+sd+wr+ref+aging+sfreq+idle+age+dirty+refaults+rdist,mlp,global,rec+freq+sd+wr+ref+aging+sfreq+idle+age+dirty+refaults+rdist,2,1.2639,sort,heldout,1.3055,-3.7333,1.3055,1.0897,3,0
rlin_global_rec+freq+sd+wr+ref+aging+sfreq+idle+age+dirty+refaults+rdist,mlp,global,rec+freq+sd+wr+ref+aging+sfreq+idle+age+dirty+refaults+rdist,2,1.2639,sort,test,1.2470,-2.6665,1.3076,1.0860,2,0
rlin_global_ref+aging+sfreq+idle+age+dirty,mlp,global,ref+aging+sfreq+idle+age+dirty,2,1.0704,btree,heldout,0.9255,0.1996,0.9302,0.9682,5,0
rlin_global_ref+aging+sfreq+idle+age+dirty,mlp,global,ref+aging+sfreq+idle+age+dirty,2,1.0704,btree,test,0.8266,0.3850,0.8278,0.9841,4,0
rlin_global_ref+aging+sfreq+idle+age+dirty,mlp,global,ref+aging+sfreq+idle+age+dirty,2,1.0704,graph,heldout,0.6856,0.5046,0.6862,1.0089,3,0
rlin_global_ref+aging+sfreq+idle+age+dirty,mlp,global,ref+aging+sfreq+idle+age+dirty,2,1.0704,graph,test,0.8802,0.2037,0.9017,1.0512,3,0
rlin_global_ref+aging+sfreq+idle+age+dirty,mlp,global,ref+aging+sfreq+idle+age+dirty,2,1.0704,kv,heldout,0.9235,0.1854,0.9397,0.9231,5,0
rlin_global_ref+aging+sfreq+idle+age+dirty,mlp,global,ref+aging+sfreq+idle+age+dirty,2,1.0704,kv,test,1.3034,-0.7657,1.3225,3.0155,6,0
rlin_global_ref+aging+sfreq+idle+age+dirty,mlp,global,ref+aging+sfreq+idle+age+dirty,2,1.0704,matmul,heldout,1.6266,-4.5841,1.6281,5.8353,2,0
rlin_global_ref+aging+sfreq+idle+age+dirty,mlp,global,ref+aging+sfreq+idle+age+dirty,2,1.0704,sort,heldout,1.2610,-3.1892,1.2610,1.1275,3,0
rlin_global_ref+aging+sfreq+idle+age+dirty,mlp,global,ref+aging+sfreq+idle+age+dirty,2,1.0704,sort,test,1.1833,-1.9405,1.2409,1.0718,2,0
rlin_global_ref+aging+sfreq+idle+age+dirty+refaults+rdist,mlp,global,ref+aging+sfreq+idle+age+dirty+refaults+rdist,2,1.0408,btree,heldout,0.8556,0.3868,0.8600,0.9755,5,0
rlin_global_ref+aging+sfreq+idle+age+dirty+refaults+rdist,mlp,global,ref+aging+sfreq+idle+age+dirty+refaults+rdist,2,1.0408,btree,test,0.8012,0.4409,0.8024,0.9503,4,0
rlin_global_ref+aging+sfreq+idle+age+dirty+refaults+rdist,mlp,global,ref+aging+sfreq+idle+age+dirty+refaults+rdist,2,1.0408,graph,heldout,0.9138,0.1380,0.9146,1.3366,3,0
rlin_global_ref+aging+sfreq+idle+age+dirty+refaults+rdist,mlp,global,ref+aging+sfreq+idle+age+dirty+refaults+rdist,2,1.0408,graph,test,1.0494,-0.0593,1.0750,1.3387,3,0
rlin_global_ref+aging+sfreq+idle+age+dirty+refaults+rdist,mlp,global,ref+aging+sfreq+idle+age+dirty+refaults+rdist,2,1.0408,kv,heldout,0.9942,0.0140,1.0116,0.9941,5,0
rlin_global_ref+aging+sfreq+idle+age+dirty+refaults+rdist,mlp,global,ref+aging+sfreq+idle+age+dirty+refaults+rdist,2,1.0408,kv,test,1.1751,-0.4459,1.1922,2.1716,6,0
rlin_global_ref+aging+sfreq+idle+age+dirty+refaults+rdist,mlp,global,ref+aging+sfreq+idle+age+dirty+refaults+rdist,2,1.0408,matmul,heldout,1.4302,-3.2435,1.4316,5.4682,2,0
rlin_global_ref+aging+sfreq+idle+age+dirty+refaults+rdist,mlp,global,ref+aging+sfreq+idle+age+dirty+refaults+rdist,2,1.0408,sort,heldout,1.3446,-4.2108,1.3446,1.1138,3,0
rlin_global_ref+aging+sfreq+idle+age+dirty+refaults+rdist,mlp,global,ref+aging+sfreq+idle+age+dirty+refaults+rdist,2,1.0408,sort,test,1.2211,-2.3689,1.2805,1.0749,2,0
rlin_graph_rec+freq+sd+wr,mlp,graph,rec+freq+sd+wr,2,0.7878,graph,heldout,0.4808,0.8334,0.4812,0.3758,3,0
rlin_graph_rec+freq+sd+wr,mlp,graph,rec+freq+sd+wr,2,0.7878,graph,test,0.7899,0.2919,0.8092,0.2587,3,0
rlin_graph_rec+freq+sd+wr+ref+aging+sfreq+idle+age+dirty+refaults+rdist,mlp,graph,rec+freq+sd+wr+ref+aging+sfreq+idle+age+dirty+refaults+rdist,0,0.7070,graph,heldout,0.4905,0.8178,0.4909,0.1958,3,0
rlin_graph_rec+freq+sd+wr+ref+aging+sfreq+idle+age+dirty+refaults+rdist,mlp,graph,rec+freq+sd+wr+ref+aging+sfreq+idle+age+dirty+refaults+rdist,0,0.7070,graph,test,0.6746,0.5336,0.6910,0.2183,3,0
rlin_graph_ref+aging+sfreq+idle+age+dirty,mlp,graph,ref+aging+sfreq+idle+age+dirty,2,0.6931,graph,heldout,0.5051,0.7943,0.5055,0.1012,3,0
rlin_graph_ref+aging+sfreq+idle+age+dirty,mlp,graph,ref+aging+sfreq+idle+age+dirty,2,0.6931,graph,test,0.6466,0.5790,0.6624,0.1012,3,0
rlin_graph_ref+aging+sfreq+idle+age+dirty+refaults+rdist,mlp,graph,ref+aging+sfreq+idle+age+dirty+refaults+rdist,2,0.6849,graph,heldout,0.4912,0.8167,0.4916,0.1498,3,0
rlin_graph_ref+aging+sfreq+idle+age+dirty+refaults+rdist,mlp,graph,ref+aging+sfreq+idle+age+dirty+refaults+rdist,2,0.6849,graph,test,0.6690,0.5442,0.6853,0.1916,3,0
rlin_kv_rec+freq+sd+wr,mlp,kv,rec+freq+sd+wr,2,0.9746,kv,heldout,0.9533,0.1133,0.9700,0.9530,5,0
rlin_kv_rec+freq+sd+wr,mlp,kv,rec+freq+sd+wr,2,0.9746,kv,test,0.9743,0.0486,0.9885,0.8899,6,0
rlin_kv_rec+freq+sd+wr+ref+aging+sfreq+idle+age+dirty+refaults+rdist,mlp,kv,rec+freq+sd+wr+ref+aging+sfreq+idle+age+dirty+refaults+rdist,2,0.9139,kv,heldout,0.9110,0.2158,0.9269,0.9105,5,0
rlin_kv_rec+freq+sd+wr+ref+aging+sfreq+idle+age+dirty+refaults+rdist,mlp,kv,rec+freq+sd+wr+ref+aging+sfreq+idle+age+dirty+refaults+rdist,2,0.9139,kv,test,0.9184,0.1789,0.9319,0.8621,6,0
rlin_kv_ref+aging+sfreq+idle+age+dirty,mlp,kv,ref+aging+sfreq+idle+age+dirty,0,0.9406,kv,heldout,0.9298,0.1702,0.9461,0.9294,5,0
rlin_kv_ref+aging+sfreq+idle+age+dirty,mlp,kv,ref+aging+sfreq+idle+age+dirty,0,0.9406,kv,test,0.9395,0.1199,0.9532,0.8154,6,0
rlin_kv_ref+aging+sfreq+idle+age+dirty+refaults+rdist,mlp,kv,ref+aging+sfreq+idle+age+dirty+refaults+rdist,2,0.9337,kv,heldout,0.9342,0.1595,0.9506,0.9339,5,0
rlin_kv_ref+aging+sfreq+idle+age+dirty+refaults+rdist,mlp,kv,ref+aging+sfreq+idle+age+dirty+refaults+rdist,2,0.9337,kv,test,0.9426,0.1236,0.9564,0.8816,6,0
rlin_matmul_rec+freq+sd+wr,mlp,matmul,rec+freq+sd+wr,2,0.8525,matmul,heldout,1.4456,-3.5019,1.4470,5.6083,2,0
rlin_matmul_rec+freq+sd+wr+ref+aging+sfreq+idle+age+dirty+refaults+rdist,mlp,matmul,rec+freq+sd+wr+ref+aging+sfreq+idle+age+dirty+refaults+rdist,2,0.9545,matmul,heldout,1.4956,-3.8547,1.4971,5.4623,2,0
rlin_matmul_ref+aging+sfreq+idle+age+dirty,mlp,matmul,ref+aging+sfreq+idle+age+dirty,2,0.9754,matmul,heldout,1.4957,-3.8557,1.4972,5.4638,2,0
rlin_matmul_ref+aging+sfreq+idle+age+dirty+refaults+rdist,mlp,matmul,ref+aging+sfreq+idle+age+dirty+refaults+rdist,2,0.9578,matmul,heldout,1.4957,-3.8557,1.4972,5.4638,2,0
rlin_sort_rec+freq+sd+wr,mlp,sort,rec+freq+sd+wr,2,1.2453,sort,heldout,1.3558,-4.3484,1.3558,1.1361,3,0
rlin_sort_rec+freq+sd+wr,mlp,sort,rec+freq+sd+wr,2,1.2453,sort,test,1.2355,-2.6097,1.2956,1.1052,2,0
rlin_sort_rec+freq+sd+wr+ref+aging+sfreq+idle+age+dirty+refaults+rdist,mlp,sort,rec+freq+sd+wr+ref+aging+sfreq+idle+age+dirty+refaults+rdist,2,1.1730,sort,heldout,1.1895,-2.3161,1.1895,1.0624,3,0
rlin_sort_rec+freq+sd+wr+ref+aging+sfreq+idle+age+dirty+refaults+rdist,mlp,sort,rec+freq+sd+wr+ref+aging+sfreq+idle+age+dirty+refaults+rdist,2,1.1730,sort,test,1.1627,-1.8832,1.2192,1.0607,2,0
rlin_sort_ref+aging+sfreq+idle+age+dirty,mlp,sort,ref+aging+sfreq+idle+age+dirty,2,1.2663,sort,heldout,1.3000,-3.6667,1.3000,1.1311,3,0
rlin_sort_ref+aging+sfreq+idle+age+dirty,mlp,sort,ref+aging+sfreq+idle+age+dirty,2,1.2663,sort,test,1.2582,-2.8306,1.3194,1.1076,2,0
rlin_sort_ref+aging+sfreq+idle+age+dirty+refaults+rdist,mlp,sort,ref+aging+sfreq+idle+age+dirty+refaults+rdist,2,1.2494,sort,heldout,1.2679,-3.2731,1.2679,1.0924,3,0
rlin_sort_ref+aging+sfreq+idle+age+dirty+refaults+rdist,mlp,sort,ref+aging+sfreq+idle+age+dirty+refaults+rdist,2,1.2494,sort,test,1.2343,-2.5839,1.2944,1.0999,2,0
rmlp_btree_rec+freq+sd+wr,mlp,btree,rec+freq+sd+wr,2,0.8034,btree,heldout,0.8334,0.4461,0.8377,0.9493,5,0
rmlp_btree_rec+freq+sd+wr,mlp,btree,rec+freq+sd+wr,2,0.8034,btree,test,0.8004,0.4419,0.8016,0.9073,4,0
rmlp_btree_rec+freq+sd+wr+ref+aging+sfreq+idle+age+dirty+refaults+rdist,mlp,btree,rec+freq+sd+wr+ref+aging+sfreq+idle+age+dirty+refaults+rdist,2,0.9348,btree,heldout,0.8294,0.4570,0.8336,0.9557,5,0
rmlp_btree_rec+freq+sd+wr+ref+aging+sfreq+idle+age+dirty+refaults+rdist,mlp,btree,rec+freq+sd+wr+ref+aging+sfreq+idle+age+dirty+refaults+rdist,2,0.9348,btree,test,0.9257,0.1243,0.9271,1.0231,4,0
rmlp_btree_ref+aging+sfreq+idle+age+dirty,mlp,btree,ref+aging+sfreq+idle+age+dirty,2,1.3791,btree,heldout,1.1507,-0.4261,1.1566,0.9488,5,0
rmlp_btree_ref+aging+sfreq+idle+age+dirty,mlp,btree,ref+aging+sfreq+idle+age+dirty,2,1.3791,btree,test,1.3505,-0.8014,1.3525,0.8956,4,0
rmlp_btree_ref+aging+sfreq+idle+age+dirty+refaults+rdist,mlp,btree,ref+aging+sfreq+idle+age+dirty+refaults+rdist,2,1.0157,btree,heldout,0.9318,0.1827,0.9365,0.9509,5,0
rmlp_btree_ref+aging+sfreq+idle+age+dirty+refaults+rdist,mlp,btree,ref+aging+sfreq+idle+age+dirty+refaults+rdist,2,1.0157,btree,test,1.0135,-0.0340,1.0150,0.8970,4,0
rmlp_global_rec+freq+sd+wr,mlp,global,rec+freq+sd+wr,2,0.8968,btree,heldout,0.8663,0.3580,0.8707,0.9625,5,0
rmlp_global_rec+freq+sd+wr,mlp,global,rec+freq+sd+wr,2,0.8968,btree,test,0.8039,0.4342,0.8051,0.9192,4,0
rmlp_global_rec+freq+sd+wr,mlp,global,rec+freq+sd+wr,2,0.8968,graph,heldout,0.5637,0.7003,0.5642,0.7377,3,0
rmlp_global_rec+freq+sd+wr,mlp,global,rec+freq+sd+wr,2,0.8968,graph,test,0.7775,0.3759,0.7964,0.8252,3,0
rmlp_global_rec+freq+sd+wr,mlp,global,rec+freq+sd+wr,2,0.8968,kv,heldout,1.1575,-0.3821,1.1778,1.1583,5,0
rmlp_global_rec+freq+sd+wr,mlp,global,rec+freq+sd+wr,2,0.8968,kv,test,1.0283,-0.0702,1.0433,0.9308,6,0
rmlp_global_rec+freq+sd+wr,mlp,global,rec+freq+sd+wr,2,0.8968,matmul,heldout,1.3546,-2.3468,1.3559,4.9260,2,0
rmlp_global_rec+freq+sd+wr,mlp,global,rec+freq+sd+wr,2,0.8968,sort,heldout,1.0642,-0.7849,1.0642,0.9963,3,0
rmlp_global_rec+freq+sd+wr,mlp,global,rec+freq+sd+wr,2,0.8968,sort,test,0.9986,-0.0081,1.0472,0.9754,2,0
rmlp_global_rec+freq+sd+wr+ref+aging+sfreq+idle+age+dirty+refaults+rdist,mlp,global,rec+freq+sd+wr+ref+aging+sfreq+idle+age+dirty+refaults+rdist,2,0.9597,btree,heldout,0.8924,0.2882,0.8969,0.9527,5,0
rmlp_global_rec+freq+sd+wr+ref+aging+sfreq+idle+age+dirty+refaults+rdist,mlp,global,rec+freq+sd+wr+ref+aging+sfreq+idle+age+dirty+refaults+rdist,2,0.9597,btree,test,0.9914,0.0149,0.9929,0.8991,4,0
rmlp_global_rec+freq+sd+wr+ref+aging+sfreq+idle+age+dirty+refaults+rdist,mlp,global,rec+freq+sd+wr+ref+aging+sfreq+idle+age+dirty+refaults+rdist,2,0.9597,graph,heldout,0.5742,0.6835,0.5746,0.4812,3,0
rmlp_global_rec+freq+sd+wr+ref+aging+sfreq+idle+age+dirty+refaults+rdist,mlp,global,rec+freq+sd+wr+ref+aging+sfreq+idle+age+dirty+refaults+rdist,2,0.9597,graph,test,0.7591,0.3569,0.7776,0.3049,3,0
rmlp_global_rec+freq+sd+wr+ref+aging+sfreq+idle+age+dirty+refaults+rdist,mlp,global,rec+freq+sd+wr+ref+aging+sfreq+idle+age+dirty+refaults+rdist,2,0.9597,kv,heldout,1.0047,-0.0113,1.0223,1.0047,5,0
rmlp_global_rec+freq+sd+wr+ref+aging+sfreq+idle+age+dirty+refaults+rdist,mlp,global,rec+freq+sd+wr+ref+aging+sfreq+idle+age+dirty+refaults+rdist,2,0.9597,kv,test,1.0628,-0.1586,1.0783,0.9537,6,0
rmlp_global_rec+freq+sd+wr+ref+aging+sfreq+idle+age+dirty+refaults+rdist,mlp,global,rec+freq+sd+wr+ref+aging+sfreq+idle+age+dirty+refaults+rdist,2,0.9597,matmul,heldout,1.3352,-2.9383,1.3364,5.3345,2,0
rmlp_global_rec+freq+sd+wr+ref+aging+sfreq+idle+age+dirty+refaults+rdist,mlp,global,rec+freq+sd+wr+ref+aging+sfreq+idle+age+dirty+refaults+rdist,2,0.9597,sort,heldout,1.0134,-0.1634,1.0134,1.0167,3,0
rmlp_global_rec+freq+sd+wr+ref+aging+sfreq+idle+age+dirty+refaults+rdist,mlp,global,rec+freq+sd+wr+ref+aging+sfreq+idle+age+dirty+refaults+rdist,2,0.9597,sort,test,1.0018,-0.0653,1.0506,0.9955,2,0
rmlp_global_ref+aging+sfreq+idle+age+dirty,mlp,global,ref+aging+sfreq+idle+age+dirty,2,1.0785,btree,heldout,1.0132,-0.0356,1.0183,0.9534,5,0
rmlp_global_ref+aging+sfreq+idle+age+dirty,mlp,global,ref+aging+sfreq+idle+age+dirty,2,1.0785,btree,test,1.4003,-0.9026,1.4024,0.9097,4,0
rmlp_global_ref+aging+sfreq+idle+age+dirty,mlp,global,ref+aging+sfreq+idle+age+dirty,2,1.0785,graph,heldout,0.8335,0.2502,0.8341,0.5329,3,0
rmlp_global_ref+aging+sfreq+idle+age+dirty,mlp,global,ref+aging+sfreq+idle+age+dirty,2,1.0785,graph,test,0.6913,0.5148,0.7081,0.4713,3,0
rmlp_global_ref+aging+sfreq+idle+age+dirty,mlp,global,ref+aging+sfreq+idle+age+dirty,2,1.0785,kv,heldout,1.0539,-0.1309,1.0724,1.0542,5,0
rmlp_global_ref+aging+sfreq+idle+age+dirty,mlp,global,ref+aging+sfreq+idle+age+dirty,2,1.0785,kv,test,1.1570,-0.4334,1.1739,1.3193,6,0
rmlp_global_ref+aging+sfreq+idle+age+dirty,mlp,global,ref+aging+sfreq+idle+age+dirty,2,1.0785,matmul,heldout,1.1514,-1.2224,1.1525,4.7891,2,0
rmlp_global_ref+aging+sfreq+idle+age+dirty,mlp,global,ref+aging+sfreq+idle+age+dirty,2,1.0785,sort,heldout,1.0436,-0.5333,1.0436,0.9963,3,0
rmlp_global_ref+aging+sfreq+idle+age+dirty,mlp,global,ref+aging+sfreq+idle+age+dirty,2,1.0785,sort,test,1.0294,-0.2971,1.0795,0.9985,2,0
rmlp_global_ref+aging+sfreq+idle+age+dirty+refaults+rdist,mlp,global,ref+aging+sfreq+idle+age+dirty+refaults+rdist,2,0.9766,btree,heldout,0.8850,0.3081,0.8895,0.9570,5,0
rmlp_global_ref+aging+sfreq+idle+age+dirty+refaults+rdist,mlp,global,ref+aging+sfreq+idle+age+dirty+refaults+rdist,2,0.9766,btree,test,0.8892,0.2459,0.8905,0.9067,4,0
rmlp_global_ref+aging+sfreq+idle+age+dirty+refaults+rdist,mlp,global,ref+aging+sfreq+idle+age+dirty+refaults+rdist,2,0.9766,graph,heldout,0.5735,0.6845,0.5740,0.3493,3,0
rmlp_global_ref+aging+sfreq+idle+age+dirty+refaults+rdist,mlp,global,ref+aging+sfreq+idle+age+dirty+refaults+rdist,2,0.9766,graph,test,0.8960,0.0221,0.9178,0.4490,3,0
rmlp_global_ref+aging+sfreq+idle+age+dirty+refaults+rdist,mlp,global,ref+aging+sfreq+idle+age+dirty+refaults+rdist,2,0.9766,kv,heldout,1.0042,-0.0103,1.0218,1.0042,5,0
rmlp_global_ref+aging+sfreq+idle+age+dirty+refaults+rdist,mlp,global,ref+aging+sfreq+idle+age+dirty+refaults+rdist,2,0.9766,kv,test,1.0093,-0.0372,1.0241,0.9144,6,0
rmlp_global_ref+aging+sfreq+idle+age+dirty+refaults+rdist,mlp,global,ref+aging+sfreq+idle+age+dirty+refaults+rdist,2,0.9766,matmul,heldout,1.2011,-1.6205,1.2022,3.8459,2,0
rmlp_global_ref+aging+sfreq+idle+age+dirty+refaults+rdist,mlp,global,ref+aging+sfreq+idle+age+dirty+refaults+rdist,2,0.9766,sort,heldout,1.1424,-1.7398,1.1424,1.0307,3,0
rmlp_global_ref+aging+sfreq+idle+age+dirty+refaults+rdist,mlp,global,ref+aging+sfreq+idle+age+dirty+refaults+rdist,2,0.9766,sort,test,1.1268,-1.3396,1.1816,1.0252,2,0
rmlp_graph_rec+freq+sd+wr,mlp,graph,rec+freq+sd+wr,2,0.6389,graph,heldout,0.6251,0.6018,0.6256,0.5992,3,0
rmlp_graph_rec+freq+sd+wr,mlp,graph,rec+freq+sd+wr,2,0.6389,graph,test,0.6431,0.5906,0.6588,0.2583,3,0
rmlp_graph_rec+freq+sd+wr+ref+aging+sfreq+idle+age+dirty+refaults+rdist,mlp,graph,rec+freq+sd+wr+ref+aging+sfreq+idle+age+dirty+refaults+rdist,2,0.9543,graph,heldout,0.5083,0.7892,0.5087,0.3260,3,0
rmlp_graph_rec+freq+sd+wr+ref+aging+sfreq+idle+age+dirty+refaults+rdist,mlp,graph,rec+freq+sd+wr+ref+aging+sfreq+idle+age+dirty+refaults+rdist,2,0.9543,graph,test,0.9543,-0.2707,0.9775,0.1749,3,1
rmlp_graph_ref+aging+sfreq+idle+age+dirty,mlp,graph,ref+aging+sfreq+idle+age+dirty,2,0.7917,graph,heldout,0.5718,0.6873,0.5723,0.0982,3,0
rmlp_graph_ref+aging+sfreq+idle+age+dirty,mlp,graph,ref+aging+sfreq+idle+age+dirty,2,0.7917,graph,test,0.8004,0.2940,0.8199,0.1582,3,0
rmlp_graph_ref+aging+sfreq+idle+age+dirty+refaults+rdist,mlp,graph,ref+aging+sfreq+idle+age+dirty+refaults+rdist,2,0.9738,graph,heldout,1.1090,-0.1749,1.1099,0.9342,3,0
rmlp_graph_ref+aging+sfreq+idle+age+dirty+refaults+rdist,mlp,graph,ref+aging+sfreq+idle+age+dirty+refaults+rdist,2,0.9738,graph,test,1.6993,-1.7524,1.7407,0.7343,3,2
rmlp_kv_rec+freq+sd+wr,mlp,kv,rec+freq+sd+wr,2,0.9809,kv,heldout,0.9596,0.0980,0.9764,0.9594,5,0
rmlp_kv_rec+freq+sd+wr,mlp,kv,rec+freq+sd+wr,2,0.9809,kv,test,0.9755,0.0558,0.9898,0.9680,6,0
rmlp_kv_rec+freq+sd+wr+ref+aging+sfreq+idle+age+dirty+refaults+rdist,mlp,kv,rec+freq+sd+wr+ref+aging+sfreq+idle+age+dirty+refaults+rdist,2,0.8794,kv,heldout,0.8599,0.3397,0.8750,0.8592,5,0
rmlp_kv_rec+freq+sd+wr+ref+aging+sfreq+idle+age+dirty+refaults+rdist,mlp,kv,rec+freq+sd+wr+ref+aging+sfreq+idle+age+dirty+refaults+rdist,2,0.8794,kv,test,0.8735,0.2839,0.8863,0.8480,6,0
rmlp_kv_ref+aging+sfreq+idle+age+dirty,mlp,kv,ref+aging+sfreq+idle+age+dirty,0,0.8918,kv,heldout,0.8867,0.2747,0.9023,0.8861,5,0
rmlp_kv_ref+aging+sfreq+idle+age+dirty,mlp,kv,ref+aging+sfreq+idle+age+dirty,0,0.8918,kv,test,0.8863,0.2516,0.8992,0.8502,6,0
rmlp_kv_ref+aging+sfreq+idle+age+dirty+refaults+rdist,mlp,kv,ref+aging+sfreq+idle+age+dirty+refaults+rdist,2,0.8934,kv,heldout,0.8582,0.3439,0.8732,0.8574,5,0
rmlp_kv_ref+aging+sfreq+idle+age+dirty+refaults+rdist,mlp,kv,ref+aging+sfreq+idle+age+dirty+refaults+rdist,2,0.8934,kv,test,0.8870,0.2496,0.9000,0.8666,6,0
rmlp_matmul_rec+freq+sd+wr,mlp,matmul,rec+freq+sd+wr,0,0.7415,matmul,heldout,1.6801,-7.3506,1.6818,1.7321,2,1
rmlp_matmul_rec+freq+sd+wr+ref+aging+sfreq+idle+age+dirty+refaults+rdist,mlp,matmul,rec+freq+sd+wr+ref+aging+sfreq+idle+age+dirty+refaults+rdist,0,0.7896,matmul,heldout,0.8641,0.8268,0.8649,0.4000,2,0
rmlp_matmul_ref+aging+sfreq+idle+age+dirty,mlp,matmul,ref+aging+sfreq+idle+age+dirty,0,0.7936,matmul,heldout,1.5724,-7.0393,1.5740,1.7321,2,1
rmlp_matmul_ref+aging+sfreq+idle+age+dirty+refaults+rdist,mlp,matmul,ref+aging+sfreq+idle+age+dirty+refaults+rdist,0,0.7293,matmul,heldout,0.9234,0.3409,0.9243,0.6031,2,0
rmlp_sort_rec+freq+sd+wr,mlp,sort,rec+freq+sd+wr,2,1.0226,sort,heldout,1.0437,-0.5355,1.0437,0.9866,3,0
rmlp_sort_rec+freq+sd+wr,mlp,sort,rec+freq+sd+wr,2,1.0226,sort,test,1.0160,-0.2230,1.0655,0.9872,2,0
rmlp_sort_rec+freq+sd+wr+ref+aging+sfreq+idle+age+dirty+refaults+rdist,mlp,sort,rec+freq+sd+wr+ref+aging+sfreq+idle+age+dirty+refaults+rdist,2,0.9916,sort,heldout,1.0694,-0.8495,1.0694,0.9796,3,0
rmlp_sort_rec+freq+sd+wr+ref+aging+sfreq+idle+age+dirty+refaults+rdist,mlp,sort,rec+freq+sd+wr+ref+aging+sfreq+idle+age+dirty+refaults+rdist,2,0.9916,sort,test,0.9838,0.1211,1.0316,0.9562,2,0
rmlp_sort_ref+aging+sfreq+idle+age+dirty,mlp,sort,ref+aging+sfreq+idle+age+dirty,2,1.1839,sort,heldout,1.2481,-3.0323,1.2481,1.0574,3,0
rmlp_sort_ref+aging+sfreq+idle+age+dirty,mlp,sort,ref+aging+sfreq+idle+age+dirty,2,1.1839,sort,test,1.1759,-1.9466,1.2332,1.0431,2,0
rmlp_sort_ref+aging+sfreq+idle+age+dirty+refaults+rdist,mlp,sort,ref+aging+sfreq+idle+age+dirty+refaults+rdist,2,1.1824,sort,heldout,1.2436,-2.9763,1.2436,1.0524,3,0
rmlp_sort_ref+aging+sfreq+idle+age+dirty+refaults+rdist,mlp,sort,ref+aging+sfreq+idle+age+dirty+refaults+rdist,2,1.1824,sort,test,1.1924,-2.1705,1.2504,1.0556,2,0
