policy,workload,split,streams,kernel_vs_clock,sim_vs_clock
aging,btree,heldout,5,1.0626,1.0625
aging,btree,test,4,1.1161,1.1141
aging,graph,heldout,3,1.2636,1.2518
aging,graph,test,3,1.5854,1.5374
aging,kv,heldout,5,1.1334,1.1349
aging,kv,test,6,1.1065,1.1030
aging,matmul,heldout,2,0.9993,0.9990
aging,sort,heldout,3,0.9984,1.0000
aging,sort,test,2,0.9878,0.9559
clock,btree,heldout,5,1.0000,1.0000
clock,btree,test,4,1.0000,1.0000
clock,graph,heldout,3,1.0000,1.0000
clock,graph,test,3,1.0000,1.0000
clock,kv,heldout,5,1.0000,1.0000
clock,kv,test,6,1.0000,1.0000
clock,matmul,heldout,2,1.0000,1.0000
clock,sort,heldout,3,1.0000,1.0000
clock,sort,test,2,1.0000,1.0000
fifo,btree,heldout,5,1.0873,1.0677
fifo,btree,test,4,1.1431,1.1206
fifo,graph,heldout,3,1.2894,1.2622
fifo,graph,test,3,2.0959,1.6321
fifo,kv,heldout,5,1.3125,1.1744
fifo,kv,test,6,1.2836,1.1585
fifo,matmul,heldout,2,1.8198,1.3377
fifo,sort,heldout,3,1.1900,1.0000
fifo,sort,test,2,1.3306,0.9757
lfu,btree,heldout,5,1.0726,1.0677
lfu,btree,test,4,1.1271,1.1203
lfu,graph,heldout,3,1.2738,1.2616
lfu,graph,test,3,2.0274,1.6051
lfu,kv,heldout,5,1.1873,1.1701
lfu,kv,test,6,1.1755,1.1484
lfu,matmul,heldout,2,0.9993,0.9990
lfu,sort,heldout,3,1.0063,1.0000
lfu,sort,test,2,0.9905,0.9559
ml/global,btree,heldout,5,0.8934,0.8935
ml/global,btree,test,4,0.8432,0.8407
ml/global,graph,heldout,3,0.5353,0.5147
ml/global,graph,test,3,0.9893,0.6593
ml/global,kv,heldout,5,0.8784,0.9009
ml/global,kv,test,6,0.8749,0.8914
ml/global,matmul,heldout,2,1.1147,1.3377
ml/global,sort,heldout,3,0.9770,0.9857
ml/global,sort,test,2,0.9804,0.9669
ml/workload,btree,heldout,5,0.8536,0.8531
ml/workload,btree,test,4,0.8228,0.8037
ml/workload,graph,heldout,3,0.5411,0.5609
ml/workload,graph,test,3,0.6138,0.6246
ml/workload,kv,heldout,5,0.8753,0.9050
ml/workload,kv,test,6,0.8705,0.8895
ml/workload,matmul,heldout,2,0.9734,0.9132
ml/workload,sort,heldout,3,0.9330,0.9514
ml/workload,sort,test,2,0.9601,0.9496
ml/workload-k,btree,heldout,5,0.8934,0.8916
ml/workload-k,btree,test,4,0.8238,0.8028
ml/workload-k,graph,heldout,3,0.5504,0.5699
ml/workload-k,graph,test,3,0.6304,0.6495
ml/workload-k,kv,heldout,5,0.9239,0.9261
ml/workload-k,kv,test,6,0.9077,0.9098
ml/workload-k,matmul,heldout,2,0.9993,0.9990
ml/workload-k,sort,heldout,3,0.9984,1.0000
ml/workload-k,sort,test,2,0.9878,0.9559
