# stem	est_s	phase	command
kv-A-s1	60	pilot	kvbench 2000 8000 20000 1 A 9
kv-A-s2	60	dataset	kvbench 2000 8000 20000 2 A 9
kv-A-s3	60	dataset	kvbench 2000 8000 20000 3 A 9
kv-A-s4	60	dataset	kvbench 2000 8000 20000 4 A 9
kv-A-s5	60	dataset	kvbench 2000 8000 20000 5 A 9
kv-A-s1-rep	60	pilot	kvbench 2000 8000 20000 1 A 9
kv-B-s1	60	pilot	kvbench 2000 8000 20000 1 B 9
kv-B-s2	60	dataset	kvbench 2000 8000 20000 2 B 9
kv-B-s3	60	dataset	kvbench 2000 8000 20000 3 B 9
kv-B-s4	60	dataset	kvbench 2000 8000 20000 4 B 9
kv-B-s5	60	dataset	kvbench 2000 8000 20000 5 B 9
kv-B-s1-rep	60	pilot	kvbench 2000 8000 20000 1 B 9
kv-C-s1	60	pilot	kvbench 2000 8000 20000 1 C 9
kv-C-s2	60	dataset	kvbench 2000 8000 20000 2 C 9
kv-C-s3	60	dataset	kvbench 2000 8000 20000 3 C 9
kv-C-s4	60	dataset	kvbench 2000 8000 20000 4 C 9
kv-C-s5	60	dataset	kvbench 2000 8000 20000 5 C 9
kv-C-s1-rep	60	pilot	kvbench 2000 8000 20000 1 C 9
kv-D-s1	60	pilot	kvbench 2000 8000 20000 1 D 9
kv-D-s2	60	dataset	kvbench 2000 8000 20000 2 D 9
kv-D-s3	60	dataset	kvbench 2000 8000 20000 3 D 9
kv-D-s4	60	dataset	kvbench 2000 8000 20000 4 D 9
kv-D-s5	60	dataset	kvbench 2000 8000 20000 5 D 9
kv-D-s1-rep	60	pilot	kvbench 2000 8000 20000 1 D 9
kv-F-s1	60	pilot	kvbench 2000 8000 20000 1 F 9
kv-F-s2	60	dataset	kvbench 2000 8000 20000 2 F 9
kv-F-s3	60	dataset	kvbench 2000 8000 20000 3 F 9
kv-F-s4	60	dataset	kvbench 2000 8000 20000 4 F 9
kv-F-s5	60	dataset	kvbench 2000 8000 20000 5 F 9
kv-F-s1-rep	60	pilot	kvbench 2000 8000 20000 1 F 9
kv-Arehash-s1	60	pilot	kvbench 2000 8000 20000 1 A 11
kv-Arehash-s2	60	dataset	kvbench 2000 8000 20000 2 A 11
kv-Arehash-s3	60	dataset	kvbench 2000 8000 20000 3 A 11
kv-Arehash-s4	60	dataset	kvbench 2000 8000 20000 4 A 11
kv-Arehash-s5	60	dataset	kvbench 2000 8000 20000 5 A 11
kv-Arehash-s1-rep	60	pilot	kvbench 2000 8000 20000 1 A 11
kv-Avsize-s1	60	pilot	kvbench 2000 8000 20000 1 A 13
kv-Avsize-s2	60	dataset	kvbench 2000 8000 20000 2 A 13
kv-Avsize-s3	60	dataset	kvbench 2000 8000 20000 3 A 13
kv-Avsize-s4	60	dataset	kvbench 2000 8000 20000 4 A 13
kv-Avsize-s5	60	dataset	kvbench 2000 8000 20000 5 A 13
kv-Avsize-s1-rep	60	pilot	kvbench 2000 8000 20000 1 A 13
btree-mixed-s1	50	pilot	btreebench 5000 8000 45000 1 mixed 9
btree-mixed-s2	50	dataset	btreebench 5000 8000 45000 2 mixed 9
btree-mixed-s3	50	dataset	btreebench 5000 8000 45000 3 mixed 9
btree-mixed-s4	50	dataset	btreebench 5000 8000 45000 4 mixed 9
btree-mixed-s5	50	dataset	btreebench 5000 8000 45000 5 mixed 9
btree-mixed-s1-rep	50	pilot	btreebench 5000 8000 45000 1 mixed 9
btree-lookup-s1	50	pilot	btreebench 5000 8000 45000 1 lookup 9
btree-lookup-s2	50	dataset	btreebench 5000 8000 45000 2 lookup 9
btree-lookup-s3	50	dataset	btreebench 5000 8000 45000 3 lookup 9
btree-lookup-s4	50	dataset	btreebench 5000 8000 45000 4 lookup 9
btree-lookup-s5	50	dataset	btreebench 5000 8000 45000 5 lookup 9
btree-lookup-s1-rep	50	pilot	btreebench 5000 8000 45000 1 lookup 9
btree-scan-s1	50	pilot	btreebench 5000 8000 45000 1 scan 9
btree-scan-s2	50	dataset	btreebench 5000 8000 45000 2 scan 9
btree-scan-s3	50	dataset	btreebench 5000 8000 45000 3 scan 9
btree-scan-s4	50	dataset	btreebench 5000 8000 45000 4 scan 9
btree-scan-s5	50	dataset	btreebench 5000 8000 45000 5 scan 9
btree-scan-s1-rep	50	pilot	btreebench 5000 8000 45000 1 scan 9
btree-insert-s1	50	pilot	btreebench 5000 8000 45000 1 insert 9
btree-insert-s2	50	dataset	btreebench 5000 8000 45000 2 insert 9
btree-insert-s3	50	dataset	btreebench 5000 8000 45000 3 insert 9
btree-insert-s4	50	dataset	btreebench 5000 8000 45000 4 insert 9
btree-insert-s5	50	dataset	btreebench 5000 8000 45000 5 insert 9
btree-insert-s1-rep	50	pilot	btreebench 5000 8000 45000 1 insert 9
btree-mixedwal-s1	50	pilot	btreebench 5000 8000 45000 1 mixed 11
btree-mixedwal-s2	50	dataset	btreebench 5000 8000 45000 2 mixed 11
btree-mixedwal-s3	50	dataset	btreebench 5000 8000 45000 3 mixed 11
btree-mixedwal-s4	50	dataset	btreebench 5000 8000 45000 4 mixed 11
btree-mixedwal-s5	50	dataset	btreebench 5000 8000 45000 5 mixed 11
btree-mixedwal-s1-rep	50	pilot	btreebench 5000 8000 45000 1 mixed 11
graph-both2000x1-s1	660	pilot	graphbench 2000 8000 1 1 both 9
graph-both2000x1-s2	660	dataset	graphbench 2000 8000 1 2 both 9
graph-both2000x1-s3	660	dataset	graphbench 2000 8000 1 3 both 9
graph-both2000x1-s4	660	dataset	graphbench 2000 8000 1 4 both 9
graph-both2000x1-s5	660	dataset	graphbench 2000 8000 1 5 both 9
graph-both1000x3-s1	660	pilot	graphbench 1000 8000 3 1 both 9
graph-both1000x3-s2	660	dataset	graphbench 1000 8000 3 2 both 9
graph-both1000x3-s3	660	dataset	graphbench 1000 8000 3 3 both 9
graph-both1000x3-s1-rep	660	pilot	graphbench 1000 8000 3 1 both 9
graph-bfs2000-s1	350	pilot	graphbench 2000 8000 1 1 bfs 9
graph-bfs2000-s2	350	dataset	graphbench 2000 8000 1 2 bfs 9
graph-bfs2000-s3	350	dataset	graphbench 2000 8000 1 3 bfs 9
graph-pr2000x2-s1	660	pilot	graphbench 2000 8000 2 1 pagerank 9
graph-pr2000x2-s2	660	dataset	graphbench 2000 8000 2 2 pagerank 9
graph-pr2000x2-s3	660	dataset	graphbench 2000 8000 2 3 pagerank 9
sort-n20000-s1	90	pilot	sortbench 2000 8000 20000 1 9
sort-n20000-s2	90	dataset	sortbench 2000 8000 20000 2 9
sort-n20000-s3	90	dataset	sortbench 2000 8000 20000 3 9
sort-n20000-s1-rep	90	pilot	sortbench 2000 8000 20000 1 9
sort-n40000-s1	160	pilot	sortbench 2000 8000 40000 1 9
sort-n40000-s2	160	dataset	sortbench 2000 8000 40000 2 9
sort-n40000-s3	160	dataset	sortbench 2000 8000 40000 3 9
sort-n40000-s1-rep	160	pilot	sortbench 2000 8000 40000 1 9
sort-n60000-s1	240	pilot	sortbench 2000 8000 60000 1 9
sort-n60000-s2	240	dataset	sortbench 2000 8000 60000 2 9
sort-n60000-s3	240	dataset	sortbench 2000 8000 60000 3 9
sort-n60000-s1-rep	240	pilot	sortbench 2000 8000 60000 1 9
matmul-naive64-s1	60	pilot	matmulbench 2000 8000 64 naive 9
matmul-naive64-s1-rep	60	pilot	matmulbench 2000 8000 64 naive 9
matmul-naive96-s1	155	pilot	matmulbench 2000 8000 96 naive 9
matmul-naive96-s1-rep	155	pilot	matmulbench 2000 8000 96 naive 9
matmul-naive128-s1	330	pilot	matmulbench 2000 8000 128 naive 9
matmul-naive128-s1-rep	330	pilot	matmulbench 2000 8000 128 naive 9
matmul-blocked64-s1	60	pilot	matmulbench 2000 8000 64 blocked 9
matmul-blocked64-s1-rep	60	pilot	matmulbench 2000 8000 64 blocked 9
matmul-blocked96-s1	155	pilot	matmulbench 2000 8000 96 blocked 9
matmul-blocked96-s1-rep	155	pilot	matmulbench 2000 8000 96 blocked 9
matmul-blocked128-s1	330	pilot	matmulbench 2000 8000 128 blocked 9
matmul-blocked128-s1-rep	330	pilot	matmulbench 2000 8000 128 blocked 9
lzw-r20-s0	570	pilot	lzwbench 8000 20 9 0
lzw-r20-s1	570	dataset	lzwbench 8000 20 9 1
lzw-r20-s2	570	dataset	lzwbench 8000 20 9 2
lzw-r20-s3	570	dataset	lzwbench 8000 20 9 3
lzw-r20-s4	570	dataset	lzwbench 8000 20 9 4
lzw-r20-s5	570	dataset	lzwbench 8000 20 9 5
lzw-r20-s0-rep	570	pilot	lzwbench 8000 20 9 0
lzw-r30-s0	850	pilot	lzwbench 8000 30 9 0
lzw-r30-s1	850	dataset	lzwbench 8000 30 9 1
lzw-r30-s2	850	dataset	lzwbench 8000 30 9 2
lzw-r30-s3	850	dataset	lzwbench 8000 30 9 3
lzw-r30-s4	850	dataset	lzwbench 8000 30 9 4
lzw-r30-s5	850	dataset	lzwbench 8000 30 9 5
lzw-r30-s0-rep	850	pilot	lzwbench 8000 30 9 0
pat-loop-s1	170	pilot	patbench 1024 8000 2000000 1 loop 9
pat-loop-s2	170	dataset	patbench 1024 8000 2000000 2 loop 9
pat-loop-s3	170	dataset	patbench 1024 8000 2000000 3 loop 9
pat-loop-s4	170	dataset	patbench 1024 8000 2000000 4 loop 9
pat-loop-s5	170	dataset	patbench 1024 8000 2000000 5 loop 9
pat-loop-s1-rep	170	pilot	patbench 1024 8000 2000000 1 loop 9
pat-scanhot-s1	170	pilot	patbench 1024 8000 2000000 1 scanhot 9
pat-scanhot-s2	170	dataset	patbench 1024 8000 2000000 2 scanhot 9
pat-scanhot-s3	170	dataset	patbench 1024 8000 2000000 3 scanhot 9
pat-scanhot-s4	170	dataset	patbench 1024 8000 2000000 4 scanhot 9
pat-scanhot-s5	170	dataset	patbench 1024 8000 2000000 5 scanhot 9
pat-scanhot-s1-rep	170	pilot	patbench 1024 8000 2000000 1 scanhot 9
pat-scanhotlo-s1	170	pilot	patbench 1024 8000 2000000 1 scanhotlo 9
pat-scanhotlo-s2	170	dataset	patbench 1024 8000 2000000 2 scanhotlo 9
pat-scanhotlo-s3	170	dataset	patbench 1024 8000 2000000 3 scanhotlo 9
pat-scanhotlo-s4	170	dataset	patbench 1024 8000 2000000 4 scanhotlo 9
pat-scanhotlo-s5	170	dataset	patbench 1024 8000 2000000 5 scanhotlo 9
pat-scanhotlo-s1-rep	170	pilot	patbench 1024 8000 2000000 1 scanhotlo 9
pat-zipf060-s1	170	pilot	patbench 1024 8000 2000000 1 zipf060 9
pat-zipf060-s2	170	dataset	patbench 1024 8000 2000000 2 zipf060 9
pat-zipf060-s3	170	dataset	patbench 1024 8000 2000000 3 zipf060 9
pat-zipf060-s4	170	dataset	patbench 1024 8000 2000000 4 zipf060 9
pat-zipf060-s5	170	dataset	patbench 1024 8000 2000000 5 zipf060 9
pat-zipf060-s1-rep	170	pilot	patbench 1024 8000 2000000 1 zipf060 9
pat-zipf080-s1	170	pilot	patbench 1024 8000 2000000 1 zipf080 9
pat-zipf080-s2	170	dataset	patbench 1024 8000 2000000 2 zipf080 9
pat-zipf080-s3	170	dataset	patbench 1024 8000 2000000 3 zipf080 9
pat-zipf080-s4	170	dataset	patbench 1024 8000 2000000 4 zipf080 9
pat-zipf080-s5	170	dataset	patbench 1024 8000 2000000 5 zipf080 9
pat-zipf080-s1-rep	170	pilot	patbench 1024 8000 2000000 1 zipf080 9
pat-zipf099-s1	170	pilot	patbench 1024 8000 2000000 1 zipf099 9
pat-zipf099-s2	170	dataset	patbench 1024 8000 2000000 2 zipf099 9
pat-zipf099-s3	170	dataset	patbench 1024 8000 2000000 3 zipf099 9
pat-zipf099-s4	170	dataset	patbench 1024 8000 2000000 4 zipf099 9
pat-zipf099-s5	170	dataset	patbench 1024 8000 2000000 5 zipf099 9
pat-zipf099-s1-rep	170	pilot	patbench 1024 8000 2000000 1 zipf099 9
pat-zipf120-s1	170	pilot	patbench 1024 8000 2000000 1 zipf120 9
pat-zipf120-s2	170	dataset	patbench 1024 8000 2000000 2 zipf120 9
pat-zipf120-s3	170	dataset	patbench 1024 8000 2000000 3 zipf120 9
pat-zipf120-s4	170	dataset	patbench 1024 8000 2000000 4 zipf120 9
pat-zipf120-s5	170	dataset	patbench 1024 8000 2000000 5 zipf120 9
pat-zipf120-s1-rep	170	pilot	patbench 1024 8000 2000000 1 zipf120 9
pat-uniform-s1	170	pilot	patbench 1024 8000 2000000 1 uniform 9
pat-uniform-s2	170	dataset	patbench 1024 8000 2000000 2 uniform 9
pat-uniform-s3	170	dataset	patbench 1024 8000 2000000 3 uniform 9
pat-uniform-s4	170	dataset	patbench 1024 8000 2000000 4 uniform 9
pat-uniform-s5	170	dataset	patbench 1024 8000 2000000 5 uniform 9
pat-uniform-s1-rep	170	pilot	patbench 1024 8000 2000000 1 uniform 9
pat-phase-s1	170	pilot	patbench 1024 8000 2000000 1 phase 9
pat-phase-s2	170	dataset	patbench 1024 8000 2000000 2 phase 9
pat-phase-s3	170	dataset	patbench 1024 8000 2000000 3 phase 9
pat-phase-s4	170	dataset	patbench 1024 8000 2000000 4 phase 9
pat-phase-s5	170	dataset	patbench 1024 8000 2000000 5 phase 9
pat-phase-s1-rep	170	pilot	patbench 1024 8000 2000000 1 phase 9
pat-phaseshort-s1	170	pilot	patbench 1024 8000 2000000 1 phaseshort 9
pat-phaseshort-s2	170	dataset	patbench 1024 8000 2000000 2 phaseshort 9
pat-phaseshort-s3	170	dataset	patbench 1024 8000 2000000 3 phaseshort 9
pat-phaseshort-s4	170	dataset	patbench 1024 8000 2000000 4 phaseshort 9
pat-phaseshort-s5	170	dataset	patbench 1024 8000 2000000 5 phaseshort 9
pat-phaseshort-s1-rep	170	pilot	patbench 1024 8000 2000000 1 phaseshort 9
pat-switch-s1	170	pilot	patbench 1024 8000 2000000 1 switch 9
pat-switch-s2	170	dataset	patbench 1024 8000 2000000 2 switch 9
pat-switch-s3	170	dataset	patbench 1024 8000 2000000 3 switch 9
pat-switch-s4	170	dataset	patbench 1024 8000 2000000 4 switch 9
pat-switch-s5	170	dataset	patbench 1024 8000 2000000 5 switch 9
pat-switch-s1-rep	170	pilot	patbench 1024 8000 2000000 1 switch 9
chase-list-s1	170	pilot	chasebench 1024 8000 4000 1 list 9
chase-list-s2	170	dataset	chasebench 1024 8000 4000 2 list 9
chase-list-s3	170	dataset	chasebench 1024 8000 4000 3 list 9
chase-list-s4	170	dataset	chasebench 1024 8000 4000 4 list 9
chase-list-s5	170	dataset	chasebench 1024 8000 4000 5 list 9
chase-list-s1-rep	170	pilot	chasebench 1024 8000 4000 1 list 9
chase-tree-s1	170	pilot	chasebench 1024 8000 160000 1 tree 9
chase-tree-s2	170	dataset	chasebench 1024 8000 160000 2 tree 9
chase-tree-s3	170	dataset	chasebench 1024 8000 160000 3 tree 9
chase-tree-s4	170	dataset	chasebench 1024 8000 160000 4 tree 9
chase-tree-s5	170	dataset	chasebench 1024 8000 160000 5 tree 9
chase-tree-s1-rep	170	pilot	chasebench 1024 8000 160000 1 tree 9
chase-n256-s1	170	pilot	chasebench 1024 8000 180000 1 tree256 9
chase-n256-s2	170	dataset	chasebench 1024 8000 180000 2 tree256 9
chase-n256-s3	170	dataset	chasebench 1024 8000 180000 3 tree256 9
chase-n256-s4	170	dataset	chasebench 1024 8000 180000 4 tree256 9
chase-n256-s5	170	dataset	chasebench 1024 8000 180000 5 tree256 9
chase-n256-s1-rep	170	pilot	chasebench 1024 8000 180000 1 tree256 9
join-uni-s1	60	pilot	joinbench 1280 8000 65536 1 uni 9
join-uni-s2	60	dataset	joinbench 1280 8000 65536 2 uni 9
join-uni-s3	60	dataset	joinbench 1280 8000 65536 3 uni 9
join-uni-s4	60	dataset	joinbench 1280 8000 65536 4 uni 9
join-uni-s5	60	dataset	joinbench 1280 8000 65536 5 uni 9
join-uni-s1-rep	60	pilot	joinbench 1280 8000 65536 1 uni 9
join-zipf-s1	60	pilot	joinbench 1280 8000 65536 1 zipf 9
join-zipf-s2	60	dataset	joinbench 1280 8000 65536 2 zipf 9
join-zipf-s3	60	dataset	joinbench 1280 8000 65536 3 zipf 9
join-zipf-s4	60	dataset	joinbench 1280 8000 65536 4 zipf 9
join-zipf-s5	60	dataset	joinbench 1280 8000 65536 5 zipf 9
join-zipf-s1-rep	60	pilot	joinbench 1280 8000 65536 1 zipf 9
join-r4-s1	90	pilot	joinbench 2048 8000 65536 1 r4 9
join-r4-s2	90	dataset	joinbench 2048 8000 65536 2 r4 9
join-r4-s3	90	dataset	joinbench 2048 8000 65536 3 r4 9
join-r4-s4	90	dataset	joinbench 2048 8000 65536 4 r4 9
join-r4-s5	90	dataset	joinbench 2048 8000 65536 5 r4 9
join-r4-s1-rep	90	pilot	joinbench 2048 8000 65536 1 r4 9
bloom-k3-s1	130	pilot	bloombench 512 8000 131072 1 k3 9
bloom-k3-s2	130	dataset	bloombench 512 8000 131072 2 k3 9
bloom-k3-s3	130	dataset	bloombench 512 8000 131072 3 k3 9
bloom-k3-s4	130	dataset	bloombench 512 8000 131072 4 k3 9
bloom-k3-s5	130	dataset	bloombench 512 8000 131072 5 k3 9
bloom-k3-s1-rep	130	pilot	bloombench 512 8000 131072 1 k3 9
bloom-k7-s1	250	pilot	bloombench 512 8000 131072 1 k7 9
bloom-k7-s2	250	dataset	bloombench 512 8000 131072 2 k7 9
bloom-k7-s3	250	dataset	bloombench 512 8000 131072 3 k7 9
bloom-k7-s4	250	dataset	bloombench 512 8000 131072 4 k7 9
bloom-k7-s5	250	dataset	bloombench 512 8000 131072 5 k7 9
bloom-k7-s1-rep	250	pilot	bloombench 512 8000 131072 1 k7 9
spmv-rand-s1	340	pilot	spmvbench 1680 8000 2 1 rand 9
spmv-rand-s2	340	dataset	spmvbench 1680 8000 2 2 rand 9
spmv-rand-s3	340	dataset	spmvbench 1680 8000 2 3 rand 9
spmv-rand-s4	340	dataset	spmvbench 1680 8000 2 4 rand 9
spmv-rand-s5	340	dataset	spmvbench 1680 8000 2 5 rand 9
spmv-rand-s1-rep	340	pilot	spmvbench 1680 8000 2 1 rand 9
spmv-band-s1	340	pilot	spmvbench 1680 8000 2 1 band 9
spmv-band-s2	340	dataset	spmvbench 1680 8000 2 2 band 9
spmv-band-s3	340	dataset	spmvbench 1680 8000 2 3 band 9
spmv-band-s4	340	dataset	spmvbench 1680 8000 2 4 band 9
spmv-band-s5	340	dataset	spmvbench 1680 8000 2 5 band 9
spmv-band-s1-rep	340	pilot	spmvbench 1680 8000 2 1 band 9
heap-small-s1	300	pilot	heapbench 2048 8000 24000 1 small 9
heap-small-s2	300	dataset	heapbench 2048 8000 24000 2 small 9
heap-small-s3	300	dataset	heapbench 2048 8000 24000 3 small 9
heap-small-s4	300	dataset	heapbench 2048 8000 24000 4 small 9
heap-small-s5	300	dataset	heapbench 2048 8000 24000 5 small 9
heap-small-s1-rep	300	pilot	heapbench 2048 8000 24000 1 small 9
heap-mixed-s1	280	pilot	heapbench 2048 8000 24000 1 mixed 9
heap-mixed-s2	280	dataset	heapbench 2048 8000 24000 2 mixed 9
heap-mixed-s3	280	dataset	heapbench 2048 8000 24000 3 mixed 9
heap-mixed-s4	280	dataset	heapbench 2048 8000 24000 4 mixed 9
heap-mixed-s5	280	dataset	heapbench 2048 8000 24000 5 mixed 9
heap-mixed-s1-rep	280	pilot	heapbench 2048 8000 24000 1 mixed 9
heap-churn-s1	200	pilot	heapbench 2048 8000 24000 1 churn 9
heap-churn-s2	200	dataset	heapbench 2048 8000 24000 2 churn 9
heap-churn-s3	200	dataset	heapbench 2048 8000 24000 3 churn 9
heap-churn-s4	200	dataset	heapbench 2048 8000 24000 4 churn 9
heap-churn-s5	200	dataset	heapbench 2048 8000 24000 5 churn 9
heap-churn-s1-rep	200	pilot	heapbench 2048 8000 24000 1 churn 9
